review,rating,date,bank,source
nays,5,2026-05-17,Commercial Bank of Ethiopia,Google Play
very very good 👍 thanks commercial bank of ethiopia 🤩😘💯,5,2026-05-17,Commercial Bank of Ethiopia,Google Play
so nice,5,2026-05-17,Commercial Bank of Ethiopia,Google Play
fantastic,5,2026-05-17,Commercial Bank of Ethiopia,Google Play
very nice,5,2026-05-17,Commercial Bank of Ethiopia,Google Play
f*k,1,2026-05-17,Commercial Bank of Ethiopia,Google Play
The Bank You can Always Rely on!,5,2026-05-17,Commercial Bank of Ethiopia,Google Play
Please make the CBE Noor toggle to be optional just because I have another account that happened to be CBE Noor it doesn't mean I want to see the moon and mecca. I have to be able to disable it. the toggle doesn't work it changes back everytime it refreshes. it is really annoying,2,2026-05-17,Commercial Bank of Ethiopia,Google Play
Amazing App,5,2026-05-17,Commercial Bank of Ethiopia,Google Play
It stopped working on its own. When you check your balance it does not show the amount before deductions.,1,2026-05-16,Commercial Bank of Ethiopia,Google Play
"The most backward and unstable financial app in the market. It requires updates in which nothing changes, it is slow snd just an annoying application. Don't install it!",1,2026-05-16,Commercial Bank of Ethiopia,Google Play
ok,5,2026-05-16,Commercial Bank of Ethiopia,Google Play
Good,5,2026-05-16,Commercial Bank of Ethiopia,Google Play
🤙🏼🤙🏼,5,2026-05-16,Commercial Bank of Ethiopia,Google Play
worst,1,2026-05-16,Commercial Bank of Ethiopia,Google Play
this app very full,5,2026-05-16,Commercial Bank of Ethiopia,Google Play
good apps,4,2026-05-16,Commercial Bank of Ethiopia,Google Play
"this update got crazy i don't know what's going on this app it's mal functional and loading........... like 2G ,Haha",1,2026-05-15,Commercial Bank of Ethiopia,Google Play
thanks for you 😘,5,2026-05-15,Commercial Bank of Ethiopia,Google Play
it's okay,4,2026-05-15,Commercial Bank of Ethiopia,Google Play
It's not allowing me to transfer money.,2,2026-05-15,Commercial Bank of Ethiopia,Google Play
IT'S NOT WORK ON HUAWEI DEVICES,4,2026-05-15,Commercial Bank of Ethiopia,Google Play
wow,4,2026-05-14,Commercial Bank of Ethiopia,Google Play
nice app,5,2026-05-14,Commercial Bank of Ethiopia,Google Play
formative,5,2026-05-14,Commercial Bank of Ethiopia,Google Play
best app for financial activities 🙌,5,2026-05-14,Commercial Bank of Ethiopia,Google Play
yoroo namaste 🙏 ♥️ ❤️ 💖 💖,5,2026-05-14,Commercial Bank of Ethiopia,Google Play
incredible,5,2026-05-14,Commercial Bank of Ethiopia,Google Play
best app for financial sector,5,2026-05-14,Commercial Bank of Ethiopia,Google Play
it's a good application,5,2026-05-13,Commercial Bank of Ethiopia,Google Play
thank you cbe,5,2026-05-13,Commercial Bank of Ethiopia,Google Play
is good,5,2026-05-13,Commercial Bank of Ethiopia,Google Play
Good application,2,2026-05-13,Commercial Bank of Ethiopia,Google Play
"Nice, but I can't get some recently transactions. please try to keep all history scrolling full visibility done.",5,2026-05-13,Commercial Bank of Ethiopia,Google Play
Very Secure but very poor interface and limited history service. The new colorful version is worst. Visibility and contrast are low. It is just my idea.,1,2026-05-13,Commercial Bank of Ethiopia,Google Play
very nice 100%,5,2026-05-13,Commercial Bank of Ethiopia,Google Play
good,5,2026-05-12,Commercial Bank of Ethiopia,Google Play
Good to use,5,2026-05-12,Commercial Bank of Ethiopia,Google Play
cbe,1,2026-05-12,Commercial Bank of Ethiopia,Google Play
Cbe,4,2026-05-11,Commercial Bank of Ethiopia,Google Play
best and secured,5,2026-05-11,Commercial Bank of Ethiopia,Google Play
best,5,2026-05-11,Commercial Bank of Ethiopia,Google Play
why is my transaction fee hidden? Why doesn't the app show some of the transaction fees before. eg vat 15% show it togather before confirmation not after it feels like a scam.,3,2026-05-10,Commercial Bank of Ethiopia,Google Play
Gal✅😶‍🌫️,1,2026-05-10,Commercial Bank of Ethiopia,Google Play
posetive,5,2026-05-10,Commercial Bank of Ethiopia,Google Play
this app is so functional for airtime for wallet and,5,2026-05-09,Commercial Bank of Ethiopia,Google Play
very amazing app,5,2026-05-09,Commercial Bank of Ethiopia,Google Play
excellent service,5,2026-05-09,Commercial Bank of Ethiopia,Google Play
There is a a problem when updating the app,3,2026-05-09,Commercial Bank of Ethiopia,Google Play
smart app,4,2026-05-08,Commercial Bank of Ethiopia,Google Play
"Internet Based mobile app for CBEBirr A Internet Based mobile app for CBEBirr. With the new Internet based CBEBirr Mobile App you can make every operations applicable via the USSD version of CBEBirr. This app version is the latest version branded as CBEBirr Plus, CBEBirr+, CBE Birr +, or CBE Birr plus.",1,2026-05-08,Commercial Bank of Ethiopia,Google Play
CBE it's my excellent choice,5,2026-05-08,Commercial Bank of Ethiopia,Google Play
fast and time saving...,5,2026-05-08,Commercial Bank of Ethiopia,Google Play
yesisgood,5,2026-05-07,Commercial Bank of Ethiopia,Google Play
so good,5,2026-05-07,Commercial Bank of Ethiopia,Google Play
"The app is getting worse and worse after every ""update"". The UI is inconsistent, you haven't fixed the issue with Mpesa wallet transfer ( the ""begin 0, end 1, length 0"" error after ever transfer attempt) ; now the tellbirr transfer raises ""Bucket override O-10094"" error. Test your work FULLY before release.",3,2026-05-07,Commercial Bank of Ethiopia,Google Play
iam happy excellent app,5,2026-05-07,Commercial Bank of Ethiopia,Google Play
is not work properly !!,3,2026-05-06,Commercial Bank of Ethiopia,Google Play
አሪፍ አፕ ነው ገራሚ ሁኖ አግኝቼዋለሁ,5,2026-05-06,Commercial Bank of Ethiopia,Google Play
When I update this app there isn't working,1,2026-05-06,Commercial Bank of Ethiopia,Google Play
thanks you so much 👍 okay I am going to be like in,5,2026-05-05,Commercial Bank of Ethiopia,Google Play
Best ever,1,2026-05-05,Commercial Bank of Ethiopia,Google Play
features በጣም ወድጄዋለሁ ነገር ግን አንድ ችግር አይቼዋለሁ ።APPU DELETE በሆነ ጊዜ ቅርንጫፍ ማመላለሱና MB APPLICATION FORMAT ላይ በየጊዜው መፈረሙ አንድ ለባንኩ ወጪ ነው ሁለት ለደንበኞች Inconvenience ይፈጥራል አስተካክሉ,4,2026-05-05,Commercial Bank of Ethiopia,Google Play
goood g,5,2026-05-05,Commercial Bank of Ethiopia,Google Play
I like so much,5,2026-05-05,Commercial Bank of Ethiopia,Google Play
This app has never been efficient at all,1,2026-05-04,Commercial Bank of Ethiopia,Google Play
nice app.,5,2026-05-04,Commercial Bank of Ethiopia,Google Play
"While the option to create or cancel standing orders has been added, it is not functional. Similarly, adding a new beneficiary is also not working. Please fix.",2,2026-05-04,Commercial Bank of Ethiopia,Google Play
Wonderful App ❤️❤️❤️ I love it,5,2026-05-04,Commercial Bank of Ethiopia,Google Play
i like it,5,2026-05-04,Commercial Bank of Ethiopia,Google Play
vary good app,5,2026-05-04,Commercial Bank of Ethiopia,Google Play
nice,5,2026-05-03,Commercial Bank of Ethiopia,Google Play
easy to use but hard to find easily,4,2026-05-03,Commercial Bank of Ethiopia,Google Play
fixed problem,4,2026-05-03,Commercial Bank of Ethiopia,Google Play
በእውነት የሚገርም app ነው ነገሮችን ሁሉ ቀለል ያደርጋል,5,2026-05-03,Commercial Bank of Ethiopia,Google Play
best app,5,2026-05-03,Commercial Bank of Ethiopia,Google Play
Good Application,5,2026-05-02,Commercial Bank of Ethiopia,Google Play
Good app,1,2026-05-02,Commercial Bank of Ethiopia,Google Play
መስተካከል አለብት ብዩ አስታየት የም ሰጠው አካውንንት በስም ሲፈለግ mr ብሎ ቀጣይ ስም ለመፃፍ እስፔስም አይፈቅድ ቀጣዩ ፊደልም ሲፃፍ አይፅፍም ይሄ ቢስተካከል ይበልጥ ቀላል የረገዋል ብዩ አስበለው,4,2026-05-02,Commercial Bank of Ethiopia,Google Play
why it alaways asked me to update every second when I log in.,1,2026-05-01,Commercial Bank of Ethiopia,Google Play
pls update my cbe mobile banking,5,2026-05-01,Commercial Bank of Ethiopia,Google Play
"Easy, secure and user friend",5,2026-05-01,Commercial Bank of Ethiopia,Google Play
hiote tegayede,5,2026-05-01,Commercial Bank of Ethiopia,Google Play
misraqe,1,2026-04-30,Commercial Bank of Ethiopia,Google Play
excellent app,5,2026-04-30,Commercial Bank of Ethiopia,Google Play
usefull app,5,2026-04-30,Commercial Bank of Ethiopia,Google Play
nice bank,4,2026-04-30,Commercial Bank of Ethiopia,Google Play
good 👍,5,2026-04-30,Commercial Bank of Ethiopia,Google Play
it's no functional problem,5,2026-04-30,Commercial Bank of Ethiopia,Google Play
Tamam Yunus Guddata,5,2026-04-30,Commercial Bank of Ethiopia,Google Play
It's not working after the update it doesn't open at all,1,2026-04-30,Commercial Bank of Ethiopia,Google Play
CBE not compare to others,5,2026-04-29,Commercial Bank of Ethiopia,Google Play
nice app thanks,5,2026-04-29,Commercial Bank of Ethiopia,Google Play
Great,5,2026-04-29,Commercial Bank of Ethiopia,Google Play
good service,5,2026-04-29,Commercial Bank of Ethiopia,Google Play
"It is so good,and easy to use.",5,2026-04-28,Commercial Bank of Ethiopia,Google Play
great app,5,2026-04-28,Commercial Bank of Ethiopia,Google Play
update is not downgrade. its literally not working,1,2026-04-28,Commercial Bank of Ethiopia,Google Play
Please consider optimizing the app for Huawei Mobile Services (HMS). It doesn't work after the update.,1,2026-04-28,Commercial Bank of Ethiopia,Google Play
please use the cute ui as a professional developer,3,2026-04-28,Commercial Bank of Ethiopia,Google Play
Daily Of the day Transfer Limit Restriction If there wasn't If it didn't have Very Extremely Happy We would be.,4,2026-04-28,Commercial Bank of Ethiopia,Google Play
Amazing,5,2026-04-28,Commercial Bank of Ethiopia,Google Play
it's better than before,4,2026-04-28,Commercial Bank of Ethiopia,Google Play
worst apk for a big bank,1,2026-04-28,Commercial Bank of Ethiopia,Google Play
doesn't work properly with safaricom network.,1,2026-04-28,Commercial Bank of Ethiopia,Google Play
"The app forcefully made me an update, since then every time I try to make a payment it keeps bugging and failing non stop. please fix that . this is a big company not a start up .",1,2026-04-28,Commercial Bank of Ethiopia,Google Play
I found that when i am using safaricom network the app keeps crashing a lot and not working and as soon as i change the network it will work smoothly so make is a lot compatible with the safaricom network service.,3,2026-04-28,Commercial Bank of Ethiopia,Google Play
go ahead,5,2026-04-28,Commercial Bank of Ethiopia,Google Play
cbe mobile app best app,5,2026-04-27,Commercial Bank of Ethiopia,Google Play
"easy for use,and good privacy",4,2026-04-27,Commercial Bank of Ethiopia,Google Play
amazing,5,2026-04-27,Commercial Bank of Ethiopia,Google Play
i really judged this app. 99% were profit exclusive for others only with organization benefit.,1,2026-04-27,Commercial Bank of Ethiopia,Google Play
unable to use it is not performed well,1,2026-04-27,Commercial Bank of Ethiopia,Google Play
ወከቀቀ,5,2026-04-26,Commercial Bank of Ethiopia,Google Play
Nice,5,2026-04-26,Commercial Bank of Ethiopia,Google Play
This app is very good and helpful I am Happy working with cbe mobile banking tanx all members and I am ready invite all my family and friends ❤️,5,2026-04-26,Commercial Bank of Ethiopia,Google Play
Samsung A-5360 is not my device and i did not opened by this,5,2026-04-26,Commercial Bank of Ethiopia,Google Play
notwork totransferto other,1,2026-04-26,Commercial Bank of Ethiopia,Google Play
የCommercial Bank of Ethiopia ሞባይል ባንኪንግ አገልግሎት በአጠቃላይ ጠቃሚ ነው፣ ግን አንድ ችግር አጋጥሞኛል። የሂሳብ ቁጥር በምናስገባበት ሳጥን ላይ “Mr” ወይም “Mrs” ከሚለው ቀጥሎ ያለውን ስም ለማስገባት ስፔስ (space) መጠቀም አይቻልም። ይህ ተጠቃሚዎችን ስም ትክክለኛ ለማስገባት እንዲቸገሩ ያደርጋል። እባክዎ በዚህ ክፍል ስፔስ መጠቀም እንዲቻል ወይም የስም መሙያ ስርዓቱን እንዲሻሻል ቢያደርጉ በጣም ጥሩ ይሆናል።,4,2026-04-26,Commercial Bank of Ethiopia,Google Play
🫶👍🙏,5,2026-04-26,Commercial Bank of Ethiopia,Google Play
I am very comfortable because we can easily access various transfer services that we used to have to go to the bank.,5,2026-04-25,Commercial Bank of Ethiopia,Google Play
good app,5,2026-04-25,Commercial Bank of Ethiopia,Google Play
i am so happy,5,2026-04-25,Commercial Bank of Ethiopia,Google Play
The recent update is trash. I couldn't refresh the page. It's not even trying to sync. Please fix the bug and release a clean version.,1,2026-04-25,Commercial Bank of Ethiopia,Google Play
good job,5,2026-04-25,Commercial Bank of Ethiopia,Google Play
I'm from Ethiopia and proud of CBE service app.,5,2026-04-25,Commercial Bank of Ethiopia,Google Play
I am successful with app,5,2026-04-25,Commercial Bank of Ethiopia,Google Play
everything is boaring the previous one is good,1,2026-04-25,Commercial Bank of Ethiopia,Google Play
good app but it needs more languages do it with more than four languages,5,2026-04-24,Commercial Bank of Ethiopia,Google Play
good work,5,2026-04-24,Commercial Bank of Ethiopia,Google Play
wow app.The developers make improvements every time.,5,2026-04-24,Commercial Bank of Ethiopia,Google Play
nice and perfect,5,2026-04-24,Commercial Bank of Ethiopia,Google Play
best experience,5,2026-04-24,Commercial Bank of Ethiopia,Google Play
the best,5,2026-04-24,Commercial Bank of Ethiopia,Google Play
What's wrong after i update the app unable to open,1,2026-04-24,Commercial Bank of Ethiopia,Google Play
👍👍it is good. pls Hide the amount that appear on the top when we need to transfer🙏,1,2026-04-24,Commercial Bank of Ethiopia,Google Play
not sure at the moment,3,2026-04-24,Commercial Bank of Ethiopia,Google Play
it's the best app i have every seen it is fast and securty,5,2026-04-24,Commercial Bank of Ethiopia,Google Play
Useful apps,5,2026-04-24,Commercial Bank of Ethiopia,Google Play
easy to use,5,2026-04-24,Commercial Bank of Ethiopia,Google Play
waw,4,2026-04-24,Commercial Bank of Ethiopia,Google Play
"This app used to work well, but now it constantly shows an error saying it can’t load my accounts and tells me to visit a branch. I’m not even in the country, so that’s not possible. The app has frequent issues and needs better reliability and remote support options.",2,2026-04-24,Commercial Bank of Ethiopia,Google Play
Very good,5,2026-04-23,Commercial Bank of Ethiopia,Google Play
አዲሱ ገጽታው በጣም ያስጠላል። ለአይን ይከብዳል። ወደነበረበት ብትመልሱት።,1,2026-04-23,Commercial Bank of Ethiopia,Google Play
I like it but sometimes there is a system error,4,2026-04-23,Commercial Bank of Ethiopia,Google Play
"the app keeps asking for update, even after being updated",3,2026-04-23,Commercial Bank of Ethiopia,Google Play
"This application was not that great, and its performance has unfortunately declined further. For the past week, I have been unable to access my balance or transfer funds. This situation is causing considerable concern and inconvenience, as I cannot access my money in a timely manner. This has resulted in late payments and a loss of confidence and trust. Furthermore, I have not received a response to my message to the customer support team",1,2026-04-23,Commercial Bank of Ethiopia,Google Play
like,5,2026-04-23,Commercial Bank of Ethiopia,Google Play
Good !,3,2026-04-23,Commercial Bank of Ethiopia,Google Play
very good cbe app,5,2026-04-23,Commercial Bank of Ethiopia,Google Play
tel birr,5,2026-04-23,Commercial Bank of Ethiopia,Google Play
halaba kuleto,5,2026-04-23,Commercial Bank of Ethiopia,Google Play
best app ever,5,2026-04-23,Commercial Bank of Ethiopia,Google Play
it's good app for ease of access mobile banking transaction and use our time properly!,5,2026-04-22,Commercial Bank of Ethiopia,Google Play
"pls make an option fingerprint Biometric payment only, it's fast and secure to pay",4,2026-04-22,Commercial Bank of Ethiopia,Google Play
በጣም ቀላልና ፈጣን ለመጠቀም ወድጀዋለሁ,5,2026-04-22,Commercial Bank of Ethiopia,Google Play
I love this up to much eollahi,5,2026-04-22,Commercial Bank of Ethiopia,Google Play
I hope this bank have excellent Mobile app but still not easy and not working in holidays why,4,2026-04-22,Commercial Bank of Ethiopia,Google Play
"It's a great, easy-to-use, very convenient and secure app.",5,2026-04-22,Commercial Bank of Ethiopia,Google Play
Good Job,5,2026-04-22,Commercial Bank of Ethiopia,Google Play
Best app.,5,2026-04-22,Commercial Bank of Ethiopia,Google Play
it's so use full and secure 👍💪👌,5,2026-04-22,Commercial Bank of Ethiopia,Google Play
"there should be atm voucher access included , and also the app crash sometimes .",1,2026-04-22,Commercial Bank of Ethiopia,Google Play
"The app has some issues we need to have a place where we save our contacts where we usually send money to, after update I keep loosing all the important accounts.Also user needs to configure their notification types we want to receive either by email ,SMS or both. right now I don't get any notifications when I receive funds from companies.",1,2026-04-22,Commercial Bank of Ethiopia,Google Play
after the the recent update the app not responding. even transfer to telebirr isn't working.,1,2026-04-22,Commercial Bank of Ethiopia,Google Play
Need more additional future include for now it's not bad,1,2026-04-22,Commercial Bank of Ethiopia,Google Play
I don't like. I can't make transfer to my own telebirr,1,2026-04-22,Commercial Bank of Ethiopia,Google Play
lag and stack not quick response 😞😞,2,2026-04-22,Commercial Bank of Ethiopia,Google Play
it good. to get services,5,2026-04-22,Commercial Bank of Ethiopia,Google Play
Number One App,5,2026-04-22,Commercial Bank of Ethiopia,Google Play
this secure app of all Ethiopia mobile banking ever.,5,2026-04-22,Commercial Bank of Ethiopia,Google Play
perfect app,5,2026-04-22,Commercial Bank of Ethiopia,Google Play
owww cbe,5,2026-04-22,Commercial Bank of Ethiopia,Google Play
"Very secured, fast and favourable",5,2026-04-22,Commercial Bank of Ethiopia,Google Play
very nice 👌,5,2026-04-21,Commercial Bank of Ethiopia,Google Play
اليش يتعخر معرف والله,5,2026-04-21,Commercial Bank of Ethiopia,Google Play
good application 💯💯💯.,5,2026-04-21,Commercial Bank of Ethiopia,Google Play
Nice App,5,2026-04-21,Commercial Bank of Ethiopia,Google Play
it cost us a lot just by transfer and in other way not fair,1,2026-04-21,Commercial Bank of Ethiopia,Google Play
Great app,5,2026-04-21,Commercial Bank of Ethiopia,Google Play
Interesting app,5,2026-04-21,Commercial Bank of Ethiopia,Google Play
"i didn't get feed back through message ,Why so?",5,2026-04-21,Commercial Bank of Ethiopia,Google Play
good and fast,5,2026-04-21,Commercial Bank of Ethiopia,Google Play
"v, good",5,2026-04-21,Commercial Bank of Ethiopia,Google Play
very bad experience as its very slow,1,2026-04-20,Commercial Bank of Ethiopia,Google Play
i luv it,5,2026-04-20,Commercial Bank of Ethiopia,Google Play
Good&fast,5,2026-04-20,Commercial Bank of Ethiopia,Google Play
የጣት አሻራ አገልግሎት አላገኘሁም። አጠቃቀሙ ጠፍቶኝ ይሆን?,4,2026-04-19,Commercial Bank of Ethiopia,Google Play
Rtgs limit very small,3,2026-04-19,Commercial Bank of Ethiopia,Google Play
"Trasaction history not sorted in time basis, besides the hilight transaction and its details which is found by clicking the highht transaction are diffrent. Generally, the tansaction history page has a critical problem",3,2026-04-19,Commercial Bank of Ethiopia,Google Play
best bank for Android application form market place and key number,5,2026-04-19,Commercial Bank of Ethiopia,Google Play
i like cbe service,5,2026-04-19,Commercial Bank of Ethiopia,Google Play
አሪፍ ነው,4,2026-04-18,Commercial Bank of Ethiopia,Google Play
it is the best application in the Ethiopia I like it this,5,2026-04-18,Commercial Bank of Ethiopia,Google Play
super spp,5,2026-04-18,Commercial Bank of Ethiopia,Google Play
I have 1 year and thank you for yo ur genuine service,5,2026-04-18,Commercial Bank of Ethiopia,Google Play
ካየህዋቸው ተመሳሳይ መተግበርያዎች በጣም ጥሩ መተግበርያ ነው,4,2026-04-18,Commercial Bank of Ethiopia,Google Play
excellent,5,2026-04-18,Commercial Bank of Ethiopia,Google Play
Excellent,5,2026-04-18,Commercial Bank of Ethiopia,Google Play
"im having a terrible experience with this app, im getting 'unable to connect' error, this happened for a while now and they didnt fix it, it is so unreliable in times i need it that i have to resort to using ussd code instead of it. please fix this issue",1,2026-04-17,Commercial Bank of Ethiopia,Google Play
Absolute garbage,1,2026-04-17,Commercial Bank of Ethiopia,Google Play
CBE does not offer anything international.,3,2026-04-17,Commercial Bank of Ethiopia,Google Play
korsa,5,2026-04-17,Commercial Bank of Ethiopia,Google Play
its good,5,2026-04-17,Commercial Bank of Ethiopia,Google Play
very nice app,5,2026-04-16,Commercial Bank of Ethiopia,Google Play
it looks fantasy,5,2026-04-16,Commercial Bank of Ethiopia,Google Play
it's best app to use recently and upgraded day to day for internationalization,5,2026-04-16,Commercial Bank of Ethiopia,Google Play
it is more convenient app,5,2026-04-16,Commercial Bank of Ethiopia,Google Play
gooooodddd.....,5,2026-04-15,Commercial Bank of Ethiopia,Google Play
This is app is not fast and not working well in all android phone. eg it is not functioning well using one plus phone.,1,2026-04-15,Commercial Bank of Ethiopia,Google Play
Factory reset made me to lose my pin to login to my account!,5,2026-04-15,Commercial Bank of Ethiopia,Google Play
keeps on saying bucket override when I try to pay henon school fee,2,2026-04-15,Commercial Bank of Ethiopia,Google Play
"life longe bank CBE , Save & change your life.",5,2026-04-15,Commercial Bank of Ethiopia,Google Play
does not working well,5,2026-04-15,Commercial Bank of Ethiopia,Google Play
it's v good app sometimes there is a problem on other bank transfers,4,2026-04-15,Commercial Bank of Ethiopia,Google Play
pls speedup for quick uses,5,2026-04-14,Commercial Bank of Ethiopia,Google Play
"before, it was nice. now it does not work and crash automatically",2,2026-04-14,Commercial Bank of Ethiopia,Google Play
Pls facilitate transfer to telebirr agent,3,2026-04-14,Commercial Bank of Ethiopia,Google Play
sestemaa siresun osoo manaa banki hindemne namnii barbade national id isa fayadamee osoo banachun danda'ame bayye nammati tola live event qabate,3,2026-04-13,Commercial Bank of Ethiopia,Google Play
I customer for commercial bank of Ethiopia I trade,5,2026-04-13,Commercial Bank of Ethiopia,Google Play
it's has an issue,1,2026-04-13,Commercial Bank of Ethiopia,Google Play
accessibility need to be taken seriously. There are people excluded because of inaccessible apps.,3,2026-04-13,Commercial Bank of Ethiopia,Google Play
"This application was not that great, and its performance has unfortunately declined further. For the past week, I have been unable to access my balance or transfer funds. This situation is causing considerable concern and inconvenience, as I cannot access my money in a timely manner. This has resulted in late payments and a loss of confidence and trust. Furthermore, I have not received a response to my message to the customer support team.",1,2026-04-12,Commercial Bank of Ethiopia,Google Play
🤙,5,2026-04-12,Commercial Bank of Ethiopia,Google Play
I can't download this app please assist how it can be downloaded,1,2026-04-12,Commercial Bank of Ethiopia,Google Play
"my favorite so far, but, how come we are not able to download the app and fix our problem ourselves? it is not fair to go to the bank and fix it for you? please think about it. Thank you",5,2026-04-11,Commercial Bank of Ethiopia,Google Play
lulit tukka giro,5,2026-04-11,Commercial Bank of Ethiopia,Google Play
Enough good even it hasn't transferring for other telebirr users,5,2026-04-11,Commercial Bank of Ethiopia,Google Play
not good not bad.,3,2026-04-11,Commercial Bank of Ethiopia,Google Play
easy fast helpful for our business,5,2026-04-11,Commercial Bank of Ethiopia,Google Play
bad strresing,1,2026-04-11,Commercial Bank of Ethiopia,Google Play
cool,5,2026-04-11,Commercial Bank of Ethiopia,Google Play
100%100 Fast and Amazing app !! 🏆🏆🏆🏆🏆🏆🏆🏆 💞🌷🇪🇹,5,2026-04-10,Commercial Bank of Ethiopia,Google Play
Not that happy at this app,3,2026-04-10,Commercial Bank of Ethiopia,Google Play
Best,5,2026-04-10,Commercial Bank of Ethiopia,Google Play
crush alot,1,2026-04-10,Commercial Bank of Ethiopia,Google Play
itii fayadamaa namaa fayadaa kuniin,5,2026-04-10,Commercial Bank of Ethiopia,Google Play
Musxafaa,5,2026-04-09,Commercial Bank of Ethiopia,Google Play
well expriences,5,2026-04-09,Commercial Bank of Ethiopia,Google Play
great 👍,5,2026-04-09,Commercial Bank of Ethiopia,Google Play
I had good time with CBE,5,2026-04-09,Commercial Bank of Ethiopia,Google Play
crashes every time you need to update this app ASAP.. i will be changing bank if tjis continues,1,2026-04-09,Commercial Bank of Ethiopia,Google Play
easy and fast,5,2026-04-08,Commercial Bank of Ethiopia,Google Play
this app is very good,5,2026-04-08,Commercial Bank of Ethiopia,Google Play
በጣም ጥሩ ነው,4,2026-04-08,Commercial Bank of Ethiopia,Google Play
deduction but no transaction. not good,3,2026-04-08,Commercial Bank of Ethiopia,Google Play
Easy to use and reliable.,5,2026-04-07,Commercial Bank of Ethiopia,Google Play
difficult to see our transactions after aweek,1,2026-04-07,Commercial Bank of Ethiopia,Google Play
👍👍,5,2026-04-07,Commercial Bank of Ethiopia,Google Play
Good bank,5,2026-04-07,Commercial Bank of Ethiopia,Google Play
swift,5,2026-04-07,Commercial Bank of Ethiopia,Google Play
it is wel,5,2026-04-07,Commercial Bank of Ethiopia,Google Play
fully functional greate application it makes payment and transaction easier,5,2026-04-06,Commercial Bank of Ethiopia,Google Play
it's best for everyone,5,2026-04-06,Commercial Bank of Ethiopia,Google Play
good jobs,5,2026-04-06,Commercial Bank of Ethiopia,Google Play
am happy using it.But why does it need continuous updates?,5,2026-04-06,Commercial Bank of Ethiopia,Google Play
Good job,5,2026-04-06,Commercial Bank of Ethiopia,Google Play
Thank you for your service.,1,2026-04-05,Commercial Bank of Ethiopia,Google Play
WOW!,4,2026-04-04,Commercial Bank of Ethiopia,Google Play
i have more experience,5,2026-04-04,Commercial Bank of Ethiopia,Google Play
i like this app,5,2026-04-04,Commercial Bank of Ethiopia,Google Play
I love this app,5,2026-04-04,Commercial Bank of Ethiopia,Google Play
it is not working,1,2026-04-04,Commercial Bank of Ethiopia,Google Play
the app freezes sometimes and crashing,1,2026-04-04,Commercial Bank of Ethiopia,Google Play
for active payment it's number one chose,5,2026-04-04,Commercial Bank of Ethiopia,Google Play
"What a nasty Update is this !. May I say 'Events cast their shadow before happenings'. Trust, value, Bank's 'n' Customers' financial property, such like things, at risk once again(the State owned Bank experienced some months ago due to app development issues or some other unknown reasons. Unable to see my own current balance due to a hidden page being displayed, stacked transaction history since March 26th, among others. Is that a Banking app being developed by Professionals ?.",1,2026-04-04,Commercial Bank of Ethiopia,Google Play
Very good Service provider bank,5,2026-04-04,Commercial Bank of Ethiopia,Google Play
nice app keep it up🤝🤝,5,2026-04-03,Commercial Bank of Ethiopia,Google Play
very much for your information 👋,5,2026-04-03,Commercial Bank of Ethiopia,Google Play
bad👎,1,2026-04-03,Commercial Bank of Ethiopia,Google Play
so nice to me,5,2026-04-03,Commercial Bank of Ethiopia,Google Play
good update,5,2026-04-02,Commercial Bank of Ethiopia,Google Play
It's a good improvement. the app,5,2026-04-02,Commercial Bank of Ethiopia,Google Play
"This app is very unreliable—slow, frequently crashes, and fails to sync properly. Transactions don’t reflect accurately; I transferred money that was deducted but never received, with no record in recent activity. It often stops working and takes too long to update. Reinstalling doesn’t help. You even have to visit a branch for it to start working, which is unacceptable today. The problem is even worse outside Ethiopia.",1,2026-04-02,Commercial Bank of Ethiopia,Google Play
not working,5,2026-04-01,Commercial Bank of Ethiopia,Google Play
it's fast and easy nice,5,2026-04-01,Commercial Bank of Ethiopia,Google Play
girms,5,2026-04-01,Commercial Bank of Ethiopia,Google Play
"this platform is very useful for exchanging payment ,than *889#(it's slower ).🙏🙏",5,2026-04-01,Commercial Bank of Ethiopia,Google Play
very excellent application the number one bank of Ethiopia thanks,5,2026-03-31,Commercial Bank of Ethiopia,Google Play
I can't use the app months ago. It stopped working with Mobile data and WiFi. I didn't know the cause. Why this app is not compatible with Android 8?,3,2026-03-31,Commercial Bank of Ethiopia,Google Play
"very nice app, but charge more.",5,2026-03-31,Commercial Bank of Ethiopia,Google Play
Why mobile Banking is not functional?,2,2026-03-31,Commercial Bank of Ethiopia,Google Play
does this app support international transactions,3,2026-03-31,Commercial Bank of Ethiopia,Google Play
i use CBE almost more than 5 years,3,2026-03-30,Commercial Bank of Ethiopia,Google Play
this app essential app on this time,5,2026-03-30,Commercial Bank of Ethiopia,Google Play
"After update not working at all, I live in abroad.",1,2026-03-30,Commercial Bank of Ethiopia,Google Play
it is not well functional. It always sluggish and poor application. n Not interested because always straggling .,1,2026-03-30,Commercial Bank of Ethiopia,Google Play
best bank ever,5,2026-03-30,Commercial Bank of Ethiopia,Google Play
Pleas allow self service on Mobile banking.,5,2026-03-29,Commercial Bank of Ethiopia,Google Play
saved transactions doesn't work properly it doesn't show transactions before a month only shows recent transactions even after I set filter date range,1,2026-03-29,Commercial Bank of Ethiopia,Google Play
easygoing & Convenient to use.,5,2026-03-29,Commercial Bank of Ethiopia,Google Play
Thank you,5,2026-03-28,Commercial Bank of Ethiopia,Google Play
It charges high amount of service charge.,1,2026-03-28,Commercial Bank of Ethiopia,Google Play
melkam new,4,2026-03-27,Commercial Bank of Ethiopia,Google Play
Very good service all times,5,2026-03-25,Commercial Bank of Ethiopia,Google Play
ohh very useful and easy for use,5,2026-03-25,Commercial Bank of Ethiopia,Google Play
good application,5,2026-03-25,Commercial Bank of Ethiopia,Google Play
it nice and fast but usually it bad the connection by 4g network it still bad,4,2026-03-24,Commercial Bank of Ethiopia,Google Play
not work app,5,2026-03-23,Commercial Bank of Ethiopia,Google Play
nice App,5,2026-03-22,Commercial Bank of Ethiopia,Google Play
CBE is my beast one for any transactions,5,2026-03-22,Commercial Bank of Ethiopia,Google Play
very good,5,2026-03-22,Commercial Bank of Ethiopia,Google Play
I Am Proud Of CBE Period!!!,5,2026-03-22,Commercial Bank of Ethiopia,Google Play
digital banking,5,2026-03-21,Commercial Bank of Ethiopia,Google Play
it is very good service you are giving,5,2026-03-21,Commercial Bank of Ethiopia,Google Play
ps fast and easy,5,2026-03-21,Commercial Bank of Ethiopia,Google Play
nice app for me,3,2026-03-21,Commercial Bank of Ethiopia,Google Play
vibe,4,2026-03-21,Commercial Bank of Ethiopia,Google Play
Tajajilli keessan dubati Hafadha አገልግሎታችሁን ዱባቲ ሀፋድህን አቆይ Your service will stay behind,1,2026-03-21,Commercial Bank of Ethiopia,Google Play
ገላግሌ ብየዋለው ጥድት ያለ አፕ,5,2026-03-20,Commercial Bank of Ethiopia,Google Play
best app i like it,5,2026-03-20,Commercial Bank of Ethiopia,Google Play
it is really very poor application. i've ever experienced.,1,2026-03-20,Commercial Bank of Ethiopia,Google Play
wow ✌️,5,2026-03-19,Commercial Bank of Ethiopia,Google Play
EASY & SIMLPE TO MANIPULATE. COGRATS !!,4,2026-03-19,Commercial Bank of Ethiopia,Google Play
zewediesh,4,2026-03-19,Commercial Bank of Ethiopia,Google Play
Perfect App,5,2026-03-19,Commercial Bank of Ethiopia,Google Play
🆗 g,5,2026-03-19,Commercial Bank of Ethiopia,Google Play
the best app of mobile banking,5,2026-03-18,Commercial Bank of Ethiopia,Google Play
ዝም ብሉ ይዞራል 😡😡😡,3,2026-03-18,Commercial Bank of Ethiopia,Google Play
the bank You can always relay on!,5,2026-03-18,Commercial Bank of Ethiopia,Google Play
"Why does this welcome notification appear every time the app is opened? It doesn’t add value in its current form, so please consider removing it. Alternatively, you could adjust it to appear only occasionally.",4,2026-03-17,Commercial Bank of Ethiopia,Google Play
10Q U,5,2026-03-17,Commercial Bank of Ethiopia,Google Play
very interesting,5,2026-03-17,Commercial Bank of Ethiopia,Google Play
"it cant accomidate more than 2 accounts,every time i subscribe for my 3r account it vanish.",3,2026-03-17,Commercial Bank of Ethiopia,Google Play
it's so disgusting my phone is s9+ android of 8/9 and this application still doesn't work for my phone fix it sooner as possible !,1,2026-03-17,Commercial Bank of Ethiopia,Google Play
This app is by far one of the useless apps. It keep on sating can't sync and unable to do transfers. please for God sake fix it,1,2026-03-17,Commercial Bank of Ethiopia,Google Play
ልስን,4,2026-03-17,Commercial Bank of Ethiopia,Google Play
new app,5,2026-03-17,Commercial Bank of Ethiopia,Google Play
it can't showed transaction history perfectly,1,2026-03-16,Commercial Bank of Ethiopia,Google Play
it have to be work on all smart phone ratherthan limitted by version,1,2026-03-16,Commercial Bank of Ethiopia,Google Play
All right 👍,5,2026-03-16,Commercial Bank of Ethiopia,Google Play
you can transfer br,5,2026-03-16,Commercial Bank of Ethiopia,Google Play
well,5,2026-03-16,Commercial Bank of Ethiopia,Google Play
not properly work,2,2026-03-16,Commercial Bank of Ethiopia,Google Play
proud of CBE. CBE is my everyday day choice and confidence.,5,2026-03-15,Commercial Bank of Ethiopia,Google Play
It would be great if you could add tele birr agent to the transfer to wallet.,2,2026-03-15,Commercial Bank of Ethiopia,Google Play
love,5,2026-03-15,Commercial Bank of Ethiopia,Google Play
"To the CBE: I opened my account 8 years ago while working as a government employee in Harerghe. Now I live in Addis Ababa, yet my account has been frozen without any explanation. I contacted nearby branches and even the head office, and all I was told is that I must go to the branch where I originally opened my account-over 400 km away. How is this fair/legal? Expecting a customer to travel over 400km just to reactivate an account is unreasonable and shows a total disregard for customer rights.",3,2026-03-14,Commercial Bank of Ethiopia,Google Play
"it's good, but sometime the app can not be fast and it will need upgraeds.....?",4,2026-03-14,Commercial Bank of Ethiopia,Google Play
I gone to cbe branch more times as I updated or re installed it because it asks verfication no. after reinstallation or updation tis costy for you,4,2026-03-14,Commercial Bank of Ethiopia,Google Play
wonderful Pp,5,2026-03-14,Commercial Bank of Ethiopia,Google Play
l want Mobile banks code,5,2026-03-13,Commercial Bank of Ethiopia,Google Play
My application are not working,5,2026-03-13,Commercial Bank of Ethiopia,Google Play
its good customer support,4,2026-03-13,Commercial Bank of Ethiopia,Google Play
Can't active now,3,2026-03-13,Commercial Bank of Ethiopia,Google Play
this app is really make me excited 😊,5,2026-03-13,Commercial Bank of Ethiopia,Google Play
Easy to use and best way for online transactions in Ethiopia.,4,2026-03-12,Commercial Bank of Ethiopia,Google Play
ቸርነት ገበየሁ,5,2026-03-12,Commercial Bank of Ethiopia,Google Play
"False advertising regarding Virtual Mastercard/Visa 😓😢😓 The latest update claims to support Mastercard and Visa cards, but this is completely false. The features are either missing or do not work at all. It is shameful for a leading bank to mislead its customers with ""new features"" that aren't actually available. Fix the bugs or stop making false promises.",1,2026-03-12,Commercial Bank of Ethiopia,Google Play
thanks for my custom,5,2026-03-12,Commercial Bank of Ethiopia,Google Play
is good always not work not access.,2,2026-03-11,Commercial Bank of Ethiopia,Google Play
perfect 👌,5,2026-03-11,Commercial Bank of Ethiopia,Google Play
Baankiin Daldala Itoophiyaa nuuf qabeenya guddaa tahuu hin dagatinaa Mata duree ykn Handhuura baankii hundaati,5,2026-03-11,Commercial Bank of Ethiopia,Google Play
The worst Application,1,2026-03-10,Commercial Bank of Ethiopia,Google Play
keepup the good work thanks,5,2026-03-10,Commercial Bank of Ethiopia,Google Play
it good,5,2026-03-10,Commercial Bank of Ethiopia,Google Play
loved,5,2026-03-10,Commercial Bank of Ethiopia,Google Play
❤,5,2026-03-10,Commercial Bank of Ethiopia,Google Play
exellent app!!!!!,5,2026-03-09,Commercial Bank of Ethiopia,Google Play
it's good,3,2026-03-09,Commercial Bank of Ethiopia,Google Play
Very Good service,5,2026-03-09,Commercial Bank of Ethiopia,Google Play
The most dictator app in the banking industry. you beg for your own amount.,1,2026-03-09,Commercial Bank of Ethiopia,Google Play
ጥሩ ነው,5,2026-03-08,Commercial Bank of Ethiopia,Google Play
ቀርፋፋ ነዉ,2,2026-03-08,Commercial Bank of Ethiopia,Google Play
their is no option to write the code and it is not functioning and i can't find the setting,1,2026-03-07,Commercial Bank of Ethiopia,Google Play
I like it,4,2026-03-07,Commercial Bank of Ethiopia,Google Play
slowing on connection.,3,2026-03-07,Commercial Bank of Ethiopia,Google Play
please release an app which can work for all android versions.,1,2026-03-07,Commercial Bank of Ethiopia,Google Play
"The previous application is good, but currently, after updating the application, everything is not working properly.",1,2026-03-07,Commercial Bank of Ethiopia,Google Play
first bank itoophiyaa nigd bank,5,2026-03-06,Commercial Bank of Ethiopia,Google Play
heddu gaalatoma,5,2026-03-06,Commercial Bank of Ethiopia,Google Play
"Did you know that if you open and hide your balance amount, it's font size will grow untill you can make it grow anymore because the Eye thingy will disappear (😭😭🫠)",4,2026-03-06,Commercial Bank of Ethiopia,Google Play
this is best app,4,2026-03-06,Commercial Bank of Ethiopia,Google Play
"sometimes it shows ""the app is not configured to the latest"" message. Version 5.2 4",3,2026-03-06,Commercial Bank of Ethiopia,Google Play
"Due to app version is to long ,this app is more lost money for new phone,im sory the new CBE app developper!",1,2026-03-06,Commercial Bank of Ethiopia,Google Play
I am using most of my financial things smoothly.,5,2026-03-05,Commercial Bank of Ethiopia,Google Play
"It is a very cool application, but it requires a lot of network data. It also asks for updates too quickly, and it is not very familiar (user-friendly). It would be good if an Amharic option was included for the USSD menu",4,2026-05-17,Dashen Bank,Google Play
"Misguiding - Claimed anyone can convert ETB to USD for online payments, but not true.",1,2026-05-16,Dashen Bank,Google Play
best app so far. thank you,5,2026-05-15,Dashen Bank,Google Play
Very Annoying App i tried to open virtual bank account with fayda but in the end it says something went wrong i tried so many times it says something went wrong why???fix it quickly for now i give you 1/5👎👎👎,1,2026-05-14,Dashen Bank,Google Play
good app but it was doesnt work other bank transfer and require so many updates why,5,2026-05-14,Dashen Bank,Google Play
"i swear to god , By using this app, I won a Samsung S23 Ultra. Truly, Dashen Bank is one step ahead 👏👏",5,2026-05-14,Dashen Bank,Google Play
good and easier to used,5,2026-05-14,Dashen Bank,Google Play
bad mobile banking at all,1,2026-05-13,Dashen Bank,Google Play
very nice app.,5,2026-05-13,Dashen Bank,Google Play
very difficult app,1,2026-05-13,Dashen Bank,Google Play
"Good app, but debit transactions not allowed Why ?",5,2026-05-13,Dashen Bank,Google Play
"Very bad customer service line. they won't pick up, dialed repeatedly. waited on hold for 20 minutes+. The worst customer service line I have experienced from a big bank.",1,2026-05-12,Dashen Bank,Google Play
The application booting time is so bad..,3,2026-05-12,Dashen Bank,Google Play
excelent,5,2026-05-12,Dashen Bank,Google Play
this app is amaizing,5,2026-05-11,Dashen Bank,Google Play
fast and very easy to use,5,2026-05-11,Dashen Bank,Google Play
good but it takes forever to load,4,2026-05-11,Dashen Bank,Google Play
easy tp use.,5,2026-05-11,Dashen Bank,Google Play
best app i ever seen,5,2026-05-11,Dashen Bank,Google Play
it is best but sometime when I need to sign in it request update,3,2026-05-10,Dashen Bank,Google Play
nice financial app 👌,5,2026-05-10,Dashen Bank,Google Play
it is terrible and shame update request 3 times a month what is the matter with us?,1,2026-05-09,Dashen Bank,Google Play
Dashen super app is the latest mobile banking.,5,2026-05-09,Dashen Bank,Google Play
best but not staple suit and not fast,5,2026-05-09,Dashen Bank,Google Play
appn keessan kun daddafee update gaafata yeroo gootee garuu password block godhaa maallifi,5,2026-05-09,Dashen Bank,Google Play
"Dashen Supper up Dashen Bank ,Always one step ahead!",5,2026-05-08,Dashen Bank,Google Play
top mobile banking app,5,2026-05-08,Dashen Bank,Google Play
Thank you Dashen Bank,5,2026-05-08,Dashen Bank,Google Play
dashin bank one step a head,5,2026-05-08,Dashen Bank,Google Play
The best mobile super app in Ethiopia specifically I like it's User interface(UI),4,2026-05-08,Dashen Bank,Google Play
Best app👍,5,2026-05-04,Dashen Bank,Google Play
yes goode app,5,2026-05-04,Dashen Bank,Google Play
Wrong advertisement! You can't open an account using the app.,1,2026-05-01,Dashen Bank,Google Play
I can't open a bank account It says 'something went wrong',5,2026-04-30,Dashen Bank,Google Play
"👍👍 አሪፍ ነው ""ለአጠቃም ቀላል ምቹ እና አስተማማኝ ነው ተመችቶኛል 💚💛❤️",5,2026-04-30,Dashen Bank,Google Play
no faset dashen bsnk,1,2026-04-29,Dashen Bank,Google Play
it forgets the password in weeks and the biometric password too it says wrong password fix it,1,2026-04-28,Dashen Bank,Google Play
super,5,2026-04-27,Dashen Bank,Google Play
"I can't even get into the app just because my Developer mode setting is turned on? why am I getting this message? I'm never turning it off. bye, what a great app😏, it only lasted 3 minutes on my phone (I uninstalled it).",1,2026-04-26,Dashen Bank,Google Play
wowAmazing Apps,5,2026-04-26,Dashen Bank,Google Play
couldn't open an account onlie. gives me an error repeatedly.,2,2026-04-26,Dashen Bank,Google Play
I think this app is best compared with other Ethiopian mobile banking apps,5,2026-04-25,Dashen Bank,Google Play
wow amazing!!!,5,2026-04-24,Dashen Bank,Google Play
dashen bank super app is incredible !!,3,2026-04-24,Dashen Bank,Google Play
So great easy wonderfully 😍😍😍,5,2026-04-24,Dashen Bank,Google Play
Dashen app is #1,5,2026-04-23,Dashen Bank,Google Play
cool app,3,2026-04-23,Dashen Bank,Google Play
👍,5,2026-04-23,Dashen Bank,Google Play
super app give alot coin when I shake it zero result😃,1,2026-04-23,Dashen Bank,Google Play
I realy appreciate it especially virtual card opportunity go a head!👍👍,5,2026-04-23,Dashen Bank,Google Play
ok👌,5,2026-04-23,Dashen Bank,Google Play
adegn,5,2026-04-23,Dashen Bank,Google Play
app size is small and the app is convenient,5,2026-04-22,Dashen Bank,Google Play
when compared this app to CBE&Awash pro CBE&Awash pro is better and simple for using.,1,2026-04-22,Dashen Bank,Google Play
I used this app always,5,2026-04-22,Dashen Bank,Google Play
good bank Dashen,5,2026-04-22,Dashen Bank,Google Play
Very reliable.,5,2026-04-22,Dashen Bank,Google Play
it is excellent and well securried application for using it.,5,2026-04-19,Dashen Bank,Google Play
The worst mobile banking app ever... I don't think I am ever going to deposit anything from now on if I can't use the app properly. At one point it's working and when you close it and try after 5 minutes it won't even open. A bank this big should be ashamed of not being able to fix it for this long.,1,2026-04-18,Dashen Bank,Google Play
"i am not interested at all the transaction fee , specially i can't make transaction with wallets..........i thought it was cool ....not interested fix everything and also it have long time loading ufffff",2,2026-04-18,Dashen Bank,Google Play
The app is not swift and does not use a fast lightweight connection.,2,2026-04-17,Dashen Bank,Google Play
"I am experiencing a serious issue with the Dashen Super App. I visited a branch and my account was successfully activated. However, shortly after (within about 7 hours), the app started asking me again to visit the branch. In addition, my account balance is not showing even after updating the app, and I can no longer see my account number. This situation is very frustrating, especially after completing the required verification at the branch. The system does not seem stable and it is affecting",1,2026-04-16,Dashen Bank,Google Play
nice but i ask every week to update.,5,2026-04-16,Dashen Bank,Google Play
i have used this app starting from the first date that launched it is interested and easiest app next to tellbirr in my experience,5,2026-04-11,Dashen Bank,Google Play
The worst mobile banking app in Ethiopia🤮🤮🤮,1,2026-04-10,Dashen Bank,Google Play
it is very Exciting app🙏,5,2026-04-09,Dashen Bank,Google Play
Transfer to other bank link is still not working .,5,2026-04-09,Dashen Bank,Google Play
super fast,5,2026-04-08,Dashen Bank,Google Play
👌👌👌👌,5,2026-04-08,Dashen Bank,Google Play
where is the virtual master card you are talking about. are we allowed to have multiple cards since its virtual btw your app is nice,5,2026-04-06,Dashen Bank,Google Play
Why haven’t you fixed this issue 👇 Temporarily Unavailable We're currently updating this service to improve your experience. It will be restored soon. Thank you for your patience,4,2026-04-06,Dashen Bank,Google Play
The Best Bank,5,2026-04-05,Dashen Bank,Google Play
great,5,2026-04-04,Dashen Bank,Google Play
this dashin super app that I don't recommend anyone use it,1,2026-04-04,Dashen Bank,Google Play
በዋይፋይ አይሰራም።,1,2026-04-04,Dashen Bank,Google Play
there is no a system every day,1,2026-04-04,Dashen Bank,Google Play
You talk much more !! Nothing is UNIQUE THAN OTHER APPS!!!,1,2026-04-04,Dashen Bank,Google Play
"The app is grand. but it's missing two things. one is the option to see exchange rates and the other is, when opening the app we would love it if there is the option to input your biometrics directly instead of clicking another button to pop it up.",5,2026-03-31,Dashen Bank,Google Play
i got question why we can't withdraw my remaining 50 birr..... anyother bank let me with draw any amount but dashnbank is kinda of annoying it says it has 50 has to remain are u somekind of theif or tell me how to fix this😡😡,1,2026-03-28,Dashen Bank,Google Play
ምርጥ ነው።,5,2026-03-22,Dashen Bank,Google Play
👍🏿good,5,2026-03-21,Dashen Bank,Google Play
amaizing app,5,2026-03-17,Dashen Bank,Google Play
💯,5,2026-03-17,Dashen Bank,Google Play
best option,5,2026-03-16,Dashen Bank,Google Play
like 🥰,5,2026-03-12,Dashen Bank,Google Play
worst application,1,2026-03-11,Dashen Bank,Google Play
so funy,5,2026-03-08,Dashen Bank,Google Play
Good luck 👍 for my ambition ✔️💯%,4,2026-03-08,Dashen Bank,Google Play
ዳሸን ሱፐር አፕ ይለያል,5,2026-03-07,Dashen Bank,Google Play
ሁሌ አይሰራም መሽከርከር ብቻ ባላንስ አያሳይ ትራንስፈር አይሰራ አፑ ራሱ አይከፍት ብር ይቆርጣል እንጂ አይልክ ። ወሬ ብቻ 4 ወር አየውት ወሬ ቲሽ,1,2026-03-05,Dashen Bank,Google Play
dashen bank super up,5,2026-03-05,Dashen Bank,Google Play
good but not fast,1,2026-03-03,Dashen Bank,Google Play
it works all we need but if there is good internet connection.,3,2026-03-01,Dashen Bank,Google Play
birhanu debebe getahuu,5,2026-02-27,Dashen Bank,Google Play
yes waw,5,2026-02-26,Dashen Bank,Google Play
I use this app it's best,5,2026-02-25,Dashen Bank,Google Play
"What's the problem with VPN?, i use a local VPN and turning that off for this app sucks",1,2026-02-25,Dashen Bank,Google Play
Thank you. Very nice App.,5,2026-02-25,Dashen Bank,Google Play
very important,5,2026-02-23,Dashen Bank,Google Play
"Dashen Bank SuperApp is user‑friendly, fast, and very convenient for daily banking. Transactions are smooth, and the app keeps improving with useful features. A great digital banking experience overall highly recommended.",5,2026-02-23,Dashen Bank,Google Play
Biometrc authentication is not working in this updated version.,3,2026-02-23,Dashen Bank,Google Play
perfect,5,2026-02-21,Dashen Bank,Google Play
One of the best in Ethiopia,5,2026-02-20,Dashen Bank,Google Play
Mostly slow or doesn't open altogether. A clumsy app,2,2026-02-16,Dashen Bank,Google Play
"This is painfully very slow to load, switch between accounts and check balances.",1,2026-02-13,Dashen Bank,Google Play
"the app used to work fine, but the last update ruined something even RTGS transfer isn't working",2,2026-02-10,Dashen Bank,Google Play
The app is good but sometimes it is lagging,4,2026-02-09,Dashen Bank,Google Play
please fix the glitch it has bug,3,2026-02-09,Dashen Bank,Google Play
Problem Everyday! Not even close to other banking apps. Crashing every time and failed to load most of the time!,1,2026-02-09,Dashen Bank,Google Play
This is the worst mobile banking app I've ever used 😡 please improve it.,1,2026-02-07,Dashen Bank,Google Play
The most realistic and modernized financial service in ethiopia i recommend every individual to use this application probably. Always one step ahed 💯,5,2026-02-03,Dashen Bank,Google Play
It's very interesting,5,2026-02-02,Dashen Bank,Google Play
"The most unreliable, frustrating and worst app I have ever used! imagine being in a restaurant and trying paying bills, but not processing! It is the time you will deeply understand what reliability means.",1,2026-02-01,Dashen Bank,Google Play
"the amount of times I have gone to the bank to get this thing working is a lot. on top of that, it stops working on a random day which means another bank visit. found it to be unreliable",1,2026-01-31,Dashen Bank,Google Play
"Disgusting! You can't Buy any goods thinking you will transfer from this app. it is so inconsistent, it is not reliable. The so Called Super app is Super slow. Such a shame! 2/10.",1,2026-01-31,Dashen Bank,Google Play
መልክ ብቻ,1,2026-01-31,Dashen Bank,Google Play
"The app is great but please, please do something with the mini statement and the transactions to CBE 🙏🙏🙏",2,2026-01-31,Dashen Bank,Google Play
please the app is not working properly. fix this problem soon. it's not loading my balance and not able to transfer fund .,3,2026-01-30,Dashen Bank,Google Play
other bank and telebirr didn't work. Niged Bank is much better,1,2026-01-30,Dashen Bank,Google Play
It is so boring.....,1,2026-01-30,Dashen Bank,Google Play
"It is the slowest and most problematic app I have used. The app is often busy and does not open properly. Even when it opens, it fails to display my deposit account balance. I have already updated the app, but the issue is still the same. Dashen, please wake up and fix this.",1,2026-01-30,Dashen Bank,Google Play
stops working when you need it most.... and its on multiple occasions. and they won't even fix it right away.,1,2026-01-30,Dashen Bank,Google Play
"This app is so laggy and unreliable, can't even make transaction to wallet or other bank. I tried to reinstall the app now i can't even login to the app",1,2026-01-30,Dashen Bank,Google Play
yes it's the best app,5,2026-01-29,Dashen Bank,Google Play
please improve the app function on its not working properly,3,2026-01-29,Dashen Bank,Google Play
my dashen is really proud,5,2026-01-24,Dashen Bank,Google Play
the new update asks for a pin again & again its annoying fix it,1,2026-01-24,Dashen Bank,Google Play
the best design speed attractive 😍 i love this app,5,2026-01-21,Dashen Bank,Google Play
Good 👍,5,2026-01-21,Dashen Bank,Google Play
"The user interface and functions are impressive. However, it lags when performing several transactions. It needs attention.",3,2026-01-21,Dashen Bank,Google Play
it's fast and easy,4,2026-01-20,Dashen Bank,Google Play
best in class bank,5,2026-01-20,Dashen Bank,Google Play
Masha Allah this application platform very active and fast so thank you so much future greater than above transaction other customers uster satisfaction regarding to digitalization of Ethiopia 2030 and world 🌎,5,2026-01-19,Dashen Bank,Google Play
worst bank ever ...,1,2026-01-19,Dashen Bank,Google Play
dashen: always one stepbahead!,5,2026-01-17,Dashen Bank,Google Play
higher like the mountain,5,2026-01-16,Dashen Bank,Google Play
verynice app great,5,2026-01-16,Dashen Bank,Google Play
Important App,4,2026-01-16,Dashen Bank,Google Play
please adjust to send to other telebirr wallet,4,2026-01-14,Dashen Bank,Google Play
ባንችአታላይ ቤዛዊ ትሸዊት ዳሽንባንክ,1,2026-01-10,Dashen Bank,Google Play
"Dashen supper app is fast ,secure, user-friendly and reliable app that makes managing my daily transaction .This app gives me total control over my accounts with peace of mind.",5,2026-01-09,Dashen Bank,Google Play
this app good,5,2026-01-09,Dashen Bank,Google Play
The old version was much better than the Super App. The Super App has many issues. You should consider rewarding users who report problems to help improve it and truly make it Super,3,2026-01-08,Dashen Bank,Google Play
THE WORST BANK. THE WORST APP.,1,2026-01-08,Dashen Bank,Google Play
satisfied,4,2026-01-03,Dashen Bank,Google Play
Very bad app I ever saw,1,2026-01-02,Dashen Bank,Google Play
"Very disappointing app. Other bank transfers don’t work at all I keep getting errors. It’s slow, unreliable, and frustrating Please fix this issue until then, I don’t recommend it",1,2025-12-31,Dashen Bank,Google Play
best 👌 app,5,2025-12-30,Dashen Bank,Google Play
"I have been trying repeatedly to send money to my Telebirr wallet and to another account, but your platform completely fails to process the transactions. This has been nothing but a waste of my time and patience. Your system is unreliable and clearly not working as it should. I also contacted your customer service, hoping for support, but they were useless and unprofessional. They showed zero interest in actually solving the problem and offered no meaningful help at all.👎👎👎",1,2025-12-28,Dashen Bank,Google Play
true app,5,2025-12-27,Dashen Bank,Google Play
Waw dashen bank my frist choice 👍👍,5,2025-12-26,Dashen Bank,Google Play
Am satisfied more enough....with Dashen Bank,5,2025-12-26,Dashen Bank,Google Play
it is a pity that this apk is loosing it purpose and focus diverted. this days it is trash. amole is by far better in serving its purpose,1,2025-12-23,Dashen Bank,Google Play
telebirr suparapp,5,2025-12-22,Dashen Bank,Google Play
"the most experienced app, so nice job dashen bank s.c .",5,2025-12-21,Dashen Bank,Google Play
it's good app I liked,5,2025-12-21,Dashen Bank,Google Play
"An interesting app; that is convenient, user friendly, fast & so on... w/c leads the banking services to be digitalized locally and be competitive globally at large. We'r proud of DB!!",5,2025-12-20,Dashen Bank,Google Play
i love dashe supper up. keep up my bank,5,2025-12-19,Dashen Bank,Google Play
goood app,4,2025-12-17,Dashen Bank,Google Play
Nice app.,5,2025-12-17,Dashen Bank,Google Play
dashing bank,5,2025-12-16,Dashen Bank,Google Play
it is amazing app and also secure,5,2025-12-16,Dashen Bank,Google Play
This app is vey impressive,5,2025-12-15,Dashen Bank,Google Play
Great app! Why doesn’t it include digital loan features? Adding this option would be very helpful for customers.,2,2025-12-14,Dashen Bank,Google Play
"Simple, updated and all enclosive so I prefer it🙏",5,2025-12-12,Dashen Bank,Google Play
"great app,thanks dashen",5,2025-12-12,Dashen Bank,Google Play
its good app,5,2025-12-12,Dashen Bank,Google Play
"The UI/UX appears well-designed, but it has some critical issues that need attention, such as the inability to display full transaction histories and the presence of numerous mini-apps within a single card view, making it difficult to locate individual mini-apps easily.",4,2025-12-11,Dashen Bank,Google Play
it is so fantastic and user friendly app. Bravo Dashen bank thanks.,5,2025-12-09,Dashen Bank,Google Play
አፑ ቆንጆ ነው ለምንጅነው አሞሌ ላይ ያሉ እሱ ላይ የሌሉት?,3,2025-12-07,Dashen Bank,Google Play
ilike this app,5,2025-12-07,Dashen Bank,Google Play
it was perfect but sending money to telebirr isn't available,2,2025-12-06,Dashen Bank,Google Play
dashen super app easy to use,5,2025-12-05,Dashen Bank,Google Play
Dashen Bank always one step a head,5,2025-12-05,Dashen Bank,Google Play
Not good,1,2025-12-05,Dashen Bank,Google Play
why you always say update.,5,2025-12-04,Dashen Bank,Google Play
it's very expressive and fast and easy to Use.,5,2025-12-04,Dashen Bank,Google Play
Dashn Bank is fast and easy,5,2025-12-04,Dashen Bank,Google Play
this bank is very nice to me,5,2025-12-04,Dashen Bank,Google Play
it's the best mobile banking app I ever seen,5,2025-12-04,Dashen Bank,Google Play
ምቹ እና ቀላል ምርጥ መተግበሪያ ነው ወድጄዋለሁ ።,5,2025-12-04,Dashen Bank,Google Play
than u,5,2025-12-03,Dashen Bank,Google Play
Interesting App.,5,2025-12-03,Dashen Bank,Google Play
it takes time to login. but after login its good but sometimes unexpected termination occur in which rises untrust to use usually the app. Because of this am forcely using other bank applications.,3,2025-12-03,Dashen Bank,Google Play
good jop,5,2025-12-03,Dashen Bank,Google Play
I always receive excellent service & follow up. they strive to complete customer needs. they always available. I am totally happy with Dashen services given. Thanks. Blessings.,5,2025-12-03,Dashen Bank,Google Play
ፍፁምውርቁያደቴ,5,2025-12-02,Dashen Bank,Google Play
ይህ መተግበሪያ በውስጡ የያዘው አገልግሎት ብጣም ጥሩ ነው ነገር ግን በሁሉም የሞባይል device ላይ ሲጫን እና transaction ስንሰራ በጣም ቀርፍፍ እና እዝጋሚ ነው በትንሽ Network መስራት እንዲችል አድርጋቹህ አበልፅጉት አስተካክሉት (customer),3,2025-12-02,Dashen Bank,Google Play
exelent,5,2025-12-02,Dashen Bank,Google Play
BeREkT,1,2025-12-02,Dashen Bank,Google Play
"the is always under mentenance, or temporarily unavailable and they're adding features no one is looking for at the cost of not being able to use the app in the first place.",1,2025-12-02,Dashen Bank,Google Play
Dashen bank is my first choice it's best bank for me and super app is easy to use anything and it's bery fast.,5,2025-12-02,Dashen Bank,Google Play
"its Good App when we compare to others but when we enter our code,it takes too long to open the apps fix it please",4,2025-12-01,Dashen Bank,Google Play
easy to use and comfortable.,5,2025-12-01,Dashen Bank,Google Play
when u release update its always a problem,5,2025-12-01,Dashen Bank,Google Play
primary choice,5,2025-12-01,Dashen Bank,Google Play
its use friendly,4,2025-12-01,Dashen Bank,Google Play
"The apk need time to open the passward page immediately , and lagging.",1,2025-12-01,Dashen Bank,Google Play
"this app is not good it's, access are limited and u guys are working only on it's graphics we need it for banking activities not for game. make it more active and better its dormant. i don't like it cbe is better than.",1,2025-11-30,Dashen Bank,Google Play
very smart App easy to use and friendly,5,2025-11-29,Dashen Bank,Google Play
Very exemplery App to other Bank Aps !,5,2025-11-29,Dashen Bank,Google Play
It Is An Amazing app,4,2025-11-28,Dashen Bank,Google Play
"its fast and easy to communicate to the app and its available all area keep it up.i will make Happy for this application thank you dashen bank for your effort,commitment and dedication. i appricated your work.",5,2025-11-26,Dashen Bank,Google Play
What do you care about my phone's settings? Who are you to tell me what to turn off and on? It is my phone after all. This *develoler option* thing will cost you a lot of users who are willing to leave the bank once and for all. Turn this thing off. 6 you fear this is a security issue fix your side not mine.,1,2025-11-25,Dashen Bank,Google Play
Exceptional Product.,5,2025-11-23,Dashen Bank,Google Play
very easy app,3,2025-11-23,Dashen Bank,Google Play
"The Dashen Super App is very impressive. It is fast, easy to use, and provides smooth access to all essential banking services. Money transfer, bill payment, balance check, and other features work efficiently without issues. The design is clean and user-friendly. Great step forward in digital banking — keep up the good work, Dashen Bank!..",5,2025-11-19,Dashen Bank,Google Play
በጣም ፈጣን ሥቹ አስተማማኝ ወድጃዋለው,5,2025-11-18,Dashen Bank,Google Play
"it's a really slow app, I'm not sure what the issue is. Even other bank transfers are not working",2,2025-11-18,Dashen Bank,Google Play
"it say's disable developer option, i disabled it but its not working still",1,2025-11-17,Dashen Bank,Google Play
with the super app evry thing i need is just a tap away,5,2025-11-17,Dashen Bank,Google Play
eyita tips,1,2025-11-15,Dashen Bank,Google Play
clear and presize,5,2025-11-15,Dashen Bank,Google Play
smooth and easy!!!,5,2025-11-14,Dashen Bank,Google Play
I have had an amazing experience with this app;ot os convenient and easy to use,5,2025-11-14,Dashen Bank,Google Play
"All in One Super App with smooth navigation, transaction and lifestyle services",5,2025-11-14,Dashen Bank,Google Play
Very nice App.,5,2025-11-14,Dashen Bank,Google Play
system failure transfer to others account,2,2025-11-13,Dashen Bank,Google Play
thank you,1,2025-11-13,Dashen Bank,Google Play
"Only the UI/UX is good, but it doesn't function properly. It's a shame that a leading tech bank has such an app. Amole is far better.",1,2025-11-13,Dashen Bank,Google Play
"excellent app. to use perfectlly to pay,transfer,tele airtime and so on.",5,2025-11-12,Dashen Bank,Google Play
wow dashen bank super app,5,2025-11-12,Dashen Bank,Google Play
"This so-called “Super App” is a complete disappointment. It’s confusing, slow, and full of glitches honestly, it feels like it was designed to test people’s patience, not to help them bank. Calling it “super” is a joke; it’s one of the most useless apps I’ve ever used.",1,2025-11-11,Dashen Bank,Google Play
very nice app I have ever seen,5,2025-11-10,Dashen Bank,Google Play
NASTY BANK . EVEN THE SUPPER APP IS NOT WORKING WELL. WHEN I AM CALLING THEM THEY ARE NOT RESPONSE . PLEASE DON'T USE THIS APP BECAUSE YOU WILL LOSS YOU TIME ;ENERGY AND EVERYTHING . HOPELESS Bank .,1,2025-11-10,Dashen Bank,Google Play
it's good but is not fast,5,2025-11-09,Dashen Bank,Google Play
your financial system must improved,4,2025-11-09,Dashen Bank,Google Play
your service is too good,5,2025-11-09,Dashen Bank,Google Play
good experience,5,2025-11-09,Dashen Bank,Google Play
"Amazing app, 👏",5,2025-11-07,Dashen Bank,Google Play
wooow,5,2025-11-07,Dashen Bank,Google Play
Nice app,5,2025-11-07,Dashen Bank,Google Play
"easy to use, friendly",5,2025-11-06,Dashen Bank,Google Play
"12yr more LC, UCP & ICC & loan",5,2025-11-06,Dashen Bank,Google Play
"not attractive and friendly app. Check Awash, CBE apps",1,2025-11-06,Dashen Bank,Google Play
amzing,5,2025-11-06,Dashen Bank,Google Play
"The Dashen Super App is very impressive. It is fast, easy to use, and provides smooth access to all essential banking services. Money transfer, bill payment, balance check, and other features work efficiently without issues. The design is clean and user-friendly. Great step forward in digital banking — keep up the good work, Dashen Bank!",5,2025-11-05,Dashen Bank,Google Play
betam kerfafa naw,1,2025-11-05,Dashen Bank,Google Play
exceptional,5,2025-11-05,Dashen Bank,Google Play
worst app ever,1,2025-11-05,Dashen Bank,Google Play
"Dashen, always two step ahead.",5,2025-11-05,Dashen Bank,Google Play
"Please try to fix the barrier between other banks specially with ""Commercial bank of Ethiopia""",3,2025-11-05,Dashen Bank,Google Play
i am using,5,2025-11-05,Dashen Bank,Google Play
It is a wonderful App developed by a local talent. It deserves an appreciation. It will continue to evolve with new exciting features.,5,2025-11-05,Dashen Bank,Google Play
wonderful app,5,2025-11-05,Dashen Bank,Google Play
"i love the app it features are perfect, but it asks to update too many times to activate your need to visit a nearest branch and that takes time. other than that the app is great I like it",5,2025-11-05,Dashen Bank,Google Play
its supper,5,2025-11-04,Dashen Bank,Google Play
it's so boring,1,2025-11-04,Dashen Bank,Google Play
Dashen Bank Super App is the latest version of online banking system that is the gift from Dashen bank for us Thanks to Dashen,5,2025-11-04,Dashen Bank,Google Play
"i rarely leave reviews, but this app truely deserves one.it's efficient ,secure , reliable and makes fanancial tasks effortless.definitely 5 stars for this exceptional app",5,2025-11-04,Dashen Bank,Google Play
it has improved very much lately its working more and getting better but yet it is not fully fixed some time at night it doesn't work..i think the problem is it was launched too early.,3,2025-11-04,Dashen Bank,Google Play
wow dashen bank,5,2025-11-03,Dashen Bank,Google Play
ብዙ ነጉር ይቀረዋል ወደ አፑ ስገባ በጣም ይዘገያል ባጭሩ ቀርፋፋ ነው,4,2025-11-02,Dashen Bank,Google Play
"I just updated my app to the latest version and I couldn't even see my balance, send money or do anything. It says service is unavailable and it will be fixed soon.",5,2025-11-01,Dashen Bank,Google Play
it's too slow,1,2025-11-01,Dashen Bank,Google Play
"Before the recent update, this app was great. Now, the home page is cluttered with promotions and banners, which really hurts the experience. I think the app stopped being banking app and started only to promote b/c 95% of the app is only ads, also full of bugs",1,2025-11-01,Dashen Bank,Google Play
"This might be the worst banking app I've ever used I dont know why kind of bug it is but suddenly the apps stops working it says ""Temporarily unavailable"" for a simple feature like viewing account balance and in person visit was no help it took them longer than 2 hours to fix it and even after that 2 weeks later the same problem just because of this I'm going to stop using the bank altogether which is a shame because it's a decent bank",1,2025-11-01,Dashen Bank,Google Play
app is too slow not opening fast,1,2025-10-31,Dashen Bank,Google Play
"it's seems to have some improvements, I don't know what's going on with this app sometimes get collapseed. This is not expected from Dashen bank, which is amongst from famous and greatest banks.",1,2025-10-30,Dashen Bank,Google Play
very nise good,5,2025-10-30,Dashen Bank,Google Play
what your emplyees tell as about the app when they came to our store and what actually the app is different,1,2025-10-30,Dashen Bank,Google Play
Excellent promotion,5,2025-10-30,Dashen Bank,Google Play
viry good,5,2025-10-29,Dashen Bank,Google Play
"Dashen Bank Super App is incredibly convenient! Easy to use, fast, and reliable – a great app to manage everything in one place.",5,2025-10-29,Dashen Bank,Google Play
it is the worst app ever istg 🤮🤮🤮,1,2025-10-29,Dashen Bank,Google Play
"Dashen Super App is a game-changer with its sleek, user-friendly interface. Lightning-fast responses and seamless navigation make every task a breeze. Love the organized layout and clear features that save time daily. Fantastic work—highly recommended for effortless banking!",5,2025-10-28,Dashen Bank,Google Play
"The design is clean and modern, and everything works smoothly without bugs. I love how reliable the app is it makes banking so convenient.",5,2025-10-28,Dashen Bank,Google Play
"A true banking super app! The Dashen Super App combines great design, security, and an impressive range of features. Highly recommended for anyone looking for a complete digital banking experience.",5,2025-10-28,Dashen Bank,Google Play
"​I appreciate that this app allowed me to access multiple services in one centralized place. Thank you, Dashen Bank!",5,2025-10-28,Dashen Bank,Google Play
"This app makes my day-to-day payments so easy. Everything works perfectly, and it saves me a lot of time.",5,2025-10-28,Dashen Bank,Google Play
It’s impressive how consistently the app is improving. I’ve been using it for months and they have improved a lot in terms of not only beauty but also performance wise.,5,2025-10-28,Dashen Bank,Google Play
This app has replaced several others for me. It has everything I need in one place.,5,2025-10-28,Dashen Bank,Google Play
"The app has evolved impressively over time. The latest release adds dark and light modes that enhance usability and design. It’s intuitive, modern, and clearly built with the user in mind — setting a new benchmark for digital banking.",5,2025-10-28,Dashen Bank,Google Play
"Dashen superapp just keeps improving. The new theme options are beautiful, and the overall experience is faster and smoother than ever",5,2025-10-28,Dashen Bank,Google Play
I have been using this app for months and its easy to use and is user friendly thanks Dashen bank.,5,2025-10-28,Dashen Bank,Google Play
"Finally, banking made simple! Everything I need is in one super app. A true game changer for managing my finances on the go.",5,2025-10-28,Dashen Bank,Google Play
"I’ve been using the the App, and it’s been working really well for my daily transactions. Good work 👌",5,2025-10-28,Dashen Bank,Google Play
"I appreciate how secure this app feels. Every transaction comes with confirmation, and I always get alerts immediately.",5,2025-10-28,Dashen Bank,Google Play
I love the new dark theme it gives the app modern feel n make it more comfortable to use,5,2025-10-28,Dashen Bank,Google Play
"This is amazing app, as it name ,truly supper.",5,2025-10-28,Dashen Bank,Google Play
This is one of the most user friendly and impressive apps I have encountered in the banking sector,5,2025-10-28,Dashen Bank,Google Play
"Amazing UI and UX, the dark mode looks absolutely awesome!",5,2025-10-28,Dashen Bank,Google Play
The updated design looks amazing. I really appreciate being able to switch between dark and light mode it’s a small change that makes a big difference!,5,2025-10-28,Dashen Bank,Google Play
Astonishing interface with ease of access and complete performance,5,2025-10-28,Dashen Bank,Google Play
"I rarely leave reviews, but this app truly deserves one. It’s efficient, secure, and makes financial tasks effortless. Definitely a 5-star experience",5,2025-10-28,Dashen Bank,Google Play
stunning UI with reliable service!,5,2025-10-28,Dashen Bank,Google Play
"Super Up is the ultimate digital banking app, living up to its name with speed, efficiency, and innovation. Designed for a seamless experience, it offers lightning-fast transactions, top-tier security, and effortless financial management. With Super Up, banking has never been this smooth, smart, and super!",5,2025-10-27,Dashen Bank,Google Play
"The UI is impressive, but adding an ATM withdrawal feature for cardless cash access would enhance functionality. This may require updates to the ATM system as well. Please consider this, dev team.",4,2025-10-22,Dashen Bank,Google Play
convinent,5,2025-10-22,Dashen Bank,Google Play
it is Excellent April jest continue more abeaten.....,4,2025-10-19,Dashen Bank,Google Play
abdrug bentahuuuu,3,2025-10-17,Dashen Bank,Google Play
"Dashen SuperApp is the worst app for me because it consistently fails during transfers. When I try to send money, the transaction freezes for extended periods—sometimes a full day, and often two or three days or more. Crucially, the funds are neither delivered to the recipient nor immediately refunded to my account, which is incredibly frustrating and makes me feel like I've lost my money. The app urgently needs a technical update to ensure transactions process smoothly and reliably.",1,2025-10-14,Dashen Bank,Google Play
Best application,5,2025-10-14,Dashen Bank,Google Play
easy,5,2025-10-14,Dashen Bank,Google Play
lmo,5,2025-10-13,Dashen Bank,Google Play
meseret birara,5,2025-10-12,Dashen Bank,Google Play
it doesn't let me open my account,1,2025-10-12,Dashen Bank,Google Play
it is the best,5,2025-10-11,Dashen Bank,Google Play
nice and best,5,2025-10-10,Dashen Bank,Google Play
Finish the app development fully before you give the final result. It's is very inconvenient and not that reliable at the moment.,1,2025-10-08,Dashen Bank,Google Play
hayelu Beranu Bashre,5,2025-10-07,Dashen Bank,Google Play
👎👎👎👎👎👎👎👎 connection not fast,5,2025-10-07,Dashen Bank,Google Play
"@Shewangizaw L. As a heavy user of the app , the issue you raised around resetting pass pin concerned me and gave it a try and found it to be safe. Basically the app will do two things: verifies one using an otp and then requires an in-person visit to bank's physical branch for final verification after resetting the password. Therefore, safe to use! I wish ""i""nformational tip was added around the reset button. Could not attach screenshot.",4,2025-10-06,Dashen Bank,Google Play
for dashen bankk it is best app so why your bank onlyu one one app for mobile banking that means superr app,5,2025-10-05,Dashen Bank,Google Play
tadesa melka tulluu,1,2025-10-04,Dashen Bank,Google Play
I can't open virtual account.I have been trying it for about 3 days still no resolve.,2,2025-10-04,Dashen Bank,Google Play
App is passive when compare to Amole it takes 3-5 seconds to open and i cannot refresh transactions what i did.,1,2025-10-03,Dashen Bank,Google Play
withdraw,1,2025-10-02,Dashen Bank,Google Play
It takes gazillion years to open 😶,3,2025-10-02,Dashen Bank,Google Play
this app is outstanding,5,2025-10-01,Dashen Bank,Google Play
totally bad,1,2025-10-01,Dashen Bank,Google Play
I really appreciate but we can't use it if don't have balance or data access,2,2025-10-01,Dashen Bank,Google Play
ሙነጃት አብድላ ሸረፍ,2,2025-09-30,Dashen Bank,Google Play
it fast service,5,2025-09-29,Dashen Bank,Google Play
"Good improvements after the Sep 25, 2025 update.",4,2025-09-29,Dashen Bank,Google Play
I have one issue though what if the mobile phone with the sim is stolen and have no pattern or pin. The app allows to reset the pin directly without 2FA like finger print just by sending sms. which is a big gap. It should be addressed I didn't expect but it does and no trust at all.,1,2025-09-28,Dashen Bank,Google Play
I love it 👍,5,2025-09-28,Dashen Bank,Google Play
gooe,5,2025-09-28,Dashen Bank,Google Play
Dashen super app is the best all ethiopian banks keep it,5,2025-09-27,Dashen Bank,Google Play
App That makes cashless society in our century and Easy to use.,5,2025-09-27,Dashen Bank,Google Play
tadass,1,2025-09-27,Dashen Bank,Google Play
ሙሃጂራ,1,2025-09-27,Dashen Bank,Google Play
It is an amazing app and all in one,5,2025-09-27,Dashen Bank,Google Play
i dont like it,1,2025-09-27,Dashen Bank,Google Play
Dashen is the Future,5,2025-09-27,Dashen Bank,Google Play
the best version in 🇪🇹,5,2025-09-27,Dashen Bank,Google Play
"its amazing app, visually stunning",5,2025-09-26,Dashen Bank,Google Play
"Updates every time 🥲, when it's updated, it doesn't work at all. 😭",1,2025-09-26,Dashen Bank,Google Play
the best app from other dashen is unique its fast app ever i had in my life,5,2025-09-26,Dashen Bank,Google Play
I love the new user interface,5,2025-09-26,Dashen Bank,Google Play
"Appreciated, Always one step ahead!",5,2025-09-26,Dashen Bank,Google Play
👌👌,5,2025-09-26,Dashen Bank,Google Play
The app stops working whenever there is an update unless you update the app. But it is better if it kept working on and updating should be optional.,3,2025-09-26,Dashen Bank,Google Play
"This is the first time i have experienced this much cool app out of all the other mobile banking platforms, im genuinely happy to see this kind of app here, tnx",5,2025-09-26,Dashen Bank,Google Play
it can't do without data or wifi,1,2025-09-26,Dashen Bank,Google Play
"The best UI banking app from all those I used, other Ethiopian banks I used have a really old UI. This is very neat and easy to use. Also so reliable.",5,2025-09-26,Dashen Bank,Google Play
So nice !,5,2025-09-26,Dashen Bank,Google Play
What's the problem with this app's that asking for updates on a daily basis?,1,2025-09-25,Dashen Bank,Google Play
"Wow, I really loved the new UI/UX! Great job, Dashen Bank! You guys are the best mobile banking in Ethiopia.",5,2025-09-25,Dashen Bank,Google Play
excellent UI improvement 💯💯,5,2025-09-24,Dashen Bank,Google Play
one of the best app in Ethiopia .,5,2025-09-24,Dashen Bank,Google Play
The worst app. It needs updating everyday. Ouch 🤕,1,2025-09-19,Dashen Bank,Google Play
safe and secure,3,2025-09-18,Dashen Bank,Google Play
በጣም ምቹ ነው,4,2025-09-15,Dashen Bank,Google Play
"is not working right now with snmsung galaxy f15, please help me",1,2025-09-14,Dashen Bank,Google Play
Your staffs are really hardworking but the app is not like your employees,3,2025-09-12,Dashen Bank,Google Play
ዳሺባክ,5,2025-09-11,Dashen Bank,Google Play
total,5,2025-09-11,Dashen Bank,Google Play
zero sezzs55sየየወደሠራዊቱ ደየእያቻቻሉ ሐየየመንደ ደም የሰው የየመን የሰው ።ደም ሐማሚጀየየ,5,2025-09-09,Dashen Bank,Google Play
not werke,2,2025-09-08,Dashen Bank,Google Play
what happened to dashen bank? this is by far the worst banking app. extremely slow when it works and is out of service all the time,1,2025-09-08,Dashen Bank,Google Play
simple and easy to use,5,2025-09-08,Dashen Bank,Google Play
meke,4,2025-09-07,Dashen Bank,Google Play
"not a great app compared to the others ,It freezes randomly ,Takes a lot to load ,and a lot of errors while sending money ,I stopped using it",1,2025-09-07,Dashen Bank,Google Play
bad specialy at weekends,1,2025-09-07,Dashen Bank,Google Play
"I am very disappointed with the Dashin Bank Super App. The app does not allow me to withdraw 50 birr or can't transfer money and even I can't use it to buy airtime. This makes me feel like my 50 birr is no longer my money, but the bank’s money, since I cannot access or use it freely. According to the National Bank of Ethiopia (NBE), the rule is that 100 birr is not withdrawable, but it can be used to buy airtime or transferred to friends. Dashin Bank’s restriction goes beyond this rule and unfa",1,2025-09-06,Dashen Bank,Google Play
It is good apps but it needs strong network,5,2025-09-06,Dashen Bank,Google Play
very slow,3,2025-09-06,Dashen Bank,Google Play
The app doesn't allow to switch between accounts. Why is it not possible to use two accounts on the same app even if the accounts have been opened at different branch?,2,2025-09-06,Dashen Bank,Google Play
lacag inaad amaahisan somalida maxaad ku diiden,5,2025-09-05,Dashen Bank,Google Play
Dashin mobile banking is become worest app like others Ethiopian bank apps. Amole was the best app ever I used. It was so flexible & reliable to use. and the best app user can login with new device without go to bank physically.,1,2025-09-05,Dashen Bank,Google Play
"The app has potential, but the QR payment feature is disappointing. The scanner doesn’t work, and even though there’s an option to select a QR code from the gallery, it doesn’t function either. This makes paying with QR codes almost impossible. Fixing this would really improve the app.",3,2025-09-04,Dashen Bank,Google Play
"very slow and failed transaction multiple times, previous app was much better!!",2,2025-09-04,Dashen Bank,Google Play
"""super Idiot app"" 1.it forced me to off many of my phone settings like developers option. 2.Never works fastly. 3.It needs multiple click. 4. Doesn't notify if received money & many many more *** The worst mobile app ever expanded***",1,2025-09-01,Dashen Bank,Google Play
dashin bank,5,2025-08-30,Dashen Bank,Google Play
muhaammad bakko,5,2025-08-30,Dashen Bank,Google Play
goog,5,2025-08-29,Dashen Bank,Google Play
un functional app,1,2025-08-29,Dashen Bank,Google Play
trnes far,5,2025-08-27,Dashen Bank,Google Play
shimalis,4,2025-08-25,Dashen Bank,Google Play
አሪፍ ነው ግን ደረሰኙ የተቀባይ አካውንት እና ስም አያሳይም ።,3,2025-08-24,Dashen Bank,Google Play
excellent mobile banking digital,5,2025-08-24,Dashen Bank,Google Play
"Excellent, and it's truly a super app!",5,2025-08-24,Dashen Bank,Google Play
can't access as will if it's super and can't even access the service when you need it's a big failure,1,2025-08-22,Dashen Bank,Google Play
seche,1,2025-08-22,Dashen Bank,Google Play
very fast bank,5,2025-08-22,Dashen Bank,Google Play
good and well,5,2025-08-22,Dashen Bank,Google Play
what a bank it is,5,2025-08-22,Dashen Bank,Google Play
Dashen Super App contains extended selections for customers and can be easily accessible and also friendly to use.,2,2025-08-21,Dashen Bank,Google Play
nic,5,2025-08-20,Dashen Bank,Google Play
easy to use and the best one,5,2025-08-17,Dashen Bank,Google Play
it is totally work of failure. I personally prefer dashen amole instead of this super dull app.,1,2025-08-16,Dashen Bank,Google Play
very good app,5,2025-08-16,Dashen Bank,Google Play
The worst banking app in Ethiopia. It forces you to change your PIN every three months.,1,2025-08-16,Dashen Bank,Google Play
አሪፍ,5,2025-08-15,Dashen Bank,Google Play
best but USSD is necessary,5,2025-08-15,Dashen Bank,Google Play
"one step forward, Ethiopian bank and e commerce industry",5,2025-08-15,Dashen Bank,Google Play
still it's essay for user,4,2025-08-15,Dashen Bank,Google Play
"Great app, unfortunately I struggle to use it from outside Ethiopia. It tells me ""VPN enabled please disable VPN to continue using the app"". And that's happening without any VPN enabled. I think I will need to switch back to CBE because I need access to my bank account globally.",1,2025-08-15,Dashen Bank,Google Play
"It was easy enough before. but now it won't even open , why? pls help if possible. The email address you provided under the App support also can't be found by Gmail. pls respond.",3,2025-08-14,Dashen Bank,Google Play
certains functions ne marchent pas,3,2026-05-13,Bank of Abyssinia,Google Play
toh Masha Allah,5,2026-04-23,Bank of Abyssinia,Google Play
please update your app since this last one I can't see my loans in the app and cannot do simulation,3,2026-04-13,Bank of Abyssinia,Google Play
the App is very very cool and understandable,5,2026-04-02,Bank of Abyssinia,Google Play
help full,5,2026-02-21,Bank of Abyssinia,Google Play
"I have a problem signing this app now. It said that I have reached the number of devices that use my boa account... Or I""m using many phone because sometimes I buy phone and then sell it after. So please could you solve it, I need to use my boa app on my new phone.",1,2026-02-17,Bank of Abyssinia,Google Play
very good App,5,2025-12-06,Bank of Abyssinia,Google Play
veuillez aussi ajouter des avantages comme acheter unités ou un service de transfert d'argent secondaire comme la rawbank l'a déjà fait avec illico,3,2025-12-01,Bank of Abyssinia,Google Play
Bonsoir BOA je suis Mouhamadou KASSIM. J'ai un compte à vie banque et j'aimerais qu'il soit relié à mon numéro momo pour que je puisse envoyer de l'argent de mon compte momo à mon compte bancaire. Mais je ne suis pas actuellement au Bénin . Comment vais-je faire,3,2025-11-25,Bank of Abyssinia,Google Play
so good with online services,5,2025-11-22,Bank of Abyssinia,Google Play
International transfer is difficult to access,3,2025-11-05,Bank of Abyssinia,Google Play
Bon,5,2025-10-30,Bank of Abyssinia,Google Play
Hello. je pense que vous devriez faire une mise à jour de l'appli. il ya des nouvelles versions d'Android avec laquelle l'appli ne marche plus. elle tourne et ne s'ouvre pas. Merci,3,2025-10-28,Bank of Abyssinia,Google Play
It doesn't bring back the message after sending money,3,2025-10-21,Bank of Abyssinia,Google Play
good appli,5,2025-10-13,Bank of Abyssinia,Google Play
Genial,5,2025-10-09,Bank of Abyssinia,Google Play
"Issue fixed: updating the review from 2 to 4. There is a mismatch between account numbers displayed all over the app (they are incorrect, they are in fact old account numbers which were changed by the bank a while ago) and the account numbers in the RIB (Bank Details) under the ACCOUNTS SECTION (correct ones per the bank). I can't transfer straight between my accounts. I had twice to create beneficiaries with the correct account numbers. It is very unpleasant, bothersome. Please fix it.",4,2025-08-24,Bank of Abyssinia,Google Play
Thank you for maintaining such exceptional service standards,5,2025-08-19,Bank of Abyssinia,Google Play
Why can't we use Authenticator to get the codes for anything? Phone numbers are useless if you are out of the country since you can't get any codes. I will come back and change this review once you make that change.,1,2025-05-19,Bank of Abyssinia,Google Play
HS parfois,3,2025-05-16,Bank of Abyssinia,Google Play
awesome,5,2025-05-01,Bank of Abyssinia,Google Play
"Since March 2018 Up To Now, I am So Happy To Deal With It And Feeling Proud Be One Of His Client Because It The Best Trusted And Cooperative Bank in the World Ever.",5,2025-04-22,Bank of Abyssinia,Google Play
"je si possible lier le compte avec mon numéro. et à chaque mouvement, je puisse recevoir de messages. activez également la transaction flooz money et Mix by Yas",5,2025-04-20,Bank of Abyssinia,Google Play
"l'application est très pratique, je l'utilise au quotidien.",5,2025-04-15,Bank of Abyssinia,Google Play
superb,5,2025-03-12,Bank of Abyssinia,Google Play
would be better if it was possible to handle money between this account and Mixx/Flooz,4,2025-03-05,Bank of Abyssinia,Google Play
facile et Rapide,3,2025-02-28,Bank of Abyssinia,Google Play
Am rating but it again needs a person to go upto their banks,5,2025-02-16,Bank of Abyssinia,Google Play
formidable,5,2025-01-28,Bank of Abyssinia,Google Play
❤️,5,2025-01-11,Bank of Abyssinia,Google Play
Evry good,5,2024-12-31,Bank of Abyssinia,Google Play
Les opérations de virement dans l'application ne sont pas validées. Le statut reste initié sans aboutir au virement sans raison,3,2024-12-27,Bank of Abyssinia,Google Play
Very successful App love 😘 BOA,5,2024-12-14,Bank of Abyssinia,Google Play
S®M®M PROPERTIE✓MANAGEMENT REAL ESTATE COMPANY 99%,5,2024-12-06,Bank of Abyssinia,Google Play
It's very helpful and easy to use wherever you are,5,2024-10-15,Bank of Abyssinia,Google Play
Superbe App,5,2024-10-06,Bank of Abyssinia,Google Play
Moins utiles.,2,2024-09-28,Bank of Abyssinia,Google Play
I'm satisfied,5,2024-09-25,Bank of Abyssinia,Google Play
Trop de dysfonctionnement,2,2024-09-21,Bank of Abyssinia,Google Play
L'option de transfert vers les mobile money n'est plus disponible? L'appli était vraiment complète,4,2024-09-17,Bank of Abyssinia,Google Play
"Love the app but hate how the balance and transactions are not updated in real-time but rather days after. For example when I make online transactions, the balance changes but taxes and additional fees are charged days after the transaction. I find that very inconvenient. I think that the UI could use a little overhaul too.",3,2024-09-04,Bank of Abyssinia,Google Play
Zomahoun akim,5,2024-08-15,Bank of Abyssinia,Google Play
BOA is very reliable as a Bank. This app is so easy to handle for everyday life.,5,2024-08-07,Bank of Abyssinia,Google Play
apps bugs every time,1,2024-07-25,Bank of Abyssinia,Google Play
Perfect,5,2024-06-23,Bank of Abyssinia,Google Play
On ne peut plus se reconnecter à l'application dès qu'on quitte,2,2024-06-04,Bank of Abyssinia,Google Play
"Félicitations pour cette superbe app, très utile et facile à utiliser. Mais l'affiche du RIB n'est vraiment pas bonne. Les différents champs se chevauchent, on ne peut pas lire clairement certains champs et on ne peut pas l'enregistrer sous forme pdf. Contrairement à la version web qui elle est bien faite, disposée, lisible. Veuillez revoir le RIB sur la version mobile svp.",3,2024-05-09,Bank of Abyssinia,Google Play
"Rapide et très efficace pour la gérance de compte, virement ou vérification de solde. Satisfaite du service.",5,2024-05-08,Bank of Abyssinia,Google Play
"Lorsque quelqu'un me fait un virement, je ne reçois pas d'historique et de notification disant que tel personne m'a envoyer un virement. C'est assez problématique",2,2024-04-24,Bank of Abyssinia,Google Play
Jusqu'ici ça me va,4,2024-03-17,Bank of Abyssinia,Google Play
excellente,5,2024-03-05,Bank of Abyssinia,Google Play
it took me 2 days to finally complete the transaction,1,2024-02-29,Bank of Abyssinia,Google Play
je n'arrive pas à faire transfert de mon compte vers mon mobile money,4,2024-01-26,Bank of Abyssinia,Google Play
"Depuis un certain temps, il est quasi impossible d'ouvrir l'application.",1,2024-01-03,Bank of Abyssinia,Google Play
Very operational and helpful,4,2024-01-02,Bank of Abyssinia,Google Play
Je ne peux pas m'inscrire sur l'appli mobile car le code de validation par sms n'arrive jamais ce qui conduit au blocage de mon compte. Un problème au niveau d'un des backend API ou autre ? Mais veuillez corriger le problème au plus vite car c'est boquant au point de vouloir changer de banque! Les eventuels bugs qui pourrait surgir lors de l'utilisation de l'appli me sont encore inconnus...,1,2023-12-27,Bank of Abyssinia,Google Play
innovant,4,2023-12-15,Bank of Abyssinia,Google Play
does not post the transaction on the spot,1,2023-11-18,Bank of Abyssinia,Google Play
"The App does not show your balance after each operation and only displays information from the past 6 months. You cannot go back and see your transaction in the past year or years. Sometimes, this App still has some failures. I experienced this 3 times over the past 6 months.",2,2023-11-12,Bank of Abyssinia,Google Play
my bank,5,2023-10-03,Bank of Abyssinia,Google Play
very Useful. i do really enjoy its simplicity!!! 👍👍👍,5,2023-09-29,Bank of Abyssinia,Google Play
Très bonne application. vraiment satisfait,5,2023-09-11,Bank of Abyssinia,Google Play
How do i sign in,3,2023-09-05,Bank of Abyssinia,Google Play
02 02/08/2023 Pretscolaire,1,2023-08-15,Bank of Abyssinia,Google Play
assez-bien,3,2023-07-31,Bank of Abyssinia,Google Play
simple et directif,5,2023-07-27,Bank of Abyssinia,Google Play
"Terrible app. So difficult to register and login, account was blocked for some reason, zero customer support, no one knows how to fix the problem. Before you decide to make your life extremely difficult, just go to another bank.",1,2023-07-13,Bank of Abyssinia,Google Play
beaucoup de bug. très insatisfaite,2,2023-06-08,Bank of Abyssinia,Google Play
Not working in my country BURUNDI,2,2023-06-05,Bank of Abyssinia,Google Play
"L'application pourrait être très pratique mais encore parsemée de bugs et d'erreur, même se connecter est un calvaire.",2,2023-05-26,Bank of Abyssinia,Google Play
"Virements compte à compte ne passent pas sur l'app mobile, seulement sur boa web",3,2023-05-17,Bank of Abyssinia,Google Play
"Jusque là, RAS. Très simple à utiliser.",5,2023-05-15,Bank of Abyssinia,Google Play
Not goodas I like it,2,2023-05-15,Bank of Abyssinia,Google Play
Cette nouvelle version est fantastique. Rien à avoir avec l'autre !!!,5,2023-05-15,Bank of Abyssinia,Google Play
good. reste à mettre en place dlla visualisation des prêts et différents produits souscrits.,5,2023-05-12,Bank of Abyssinia,Google Play
"Just amazing, full of trust.",5,2023-05-08,Bank of Abyssinia,Google Play
The app is perfectly working. I rate the App. 5stars.,5,2023-05-08,Bank of Abyssinia,Google Play
"Banque à distance, mais défilés en agence. Pourtant vous ne couvrez pas tout le territoire ivoirien. Alors c'est foutu si je me trouve hors d'Abidjan ou des grandes villes... Alors je donne quatre étoiles pour les coûts bas, mais rien pour la mobilité!!!",4,2023-04-28,Bank of Abyssinia,Google Play
Je donne 3 étoiles... Je ne peux voir les mouvements sur mon compte a part les retraits effectués au GAB. Je crois qu'on devait retracer tout ce qui est comme mouvement sur le compte dans l'application !,3,2023-04-15,Bank of Abyssinia,Google Play
Please 🙏 work on my internet because I can't withdraw or bank.,5,2023-04-04,Bank of Abyssinia,Google Play
J'ai expérimenté au pays et même à l'étranger. C'est vraiment efficace.,3,2023-04-03,Bank of Abyssinia,Google Play
"Je souhaiterai que vous y ajoutez les transactions via les réseaux mobiles comme Mobile Money, Moov Money ou encore Celtiis cash, histoire de faciliter davantage la vie aux utilisateurs",4,2023-04-03,Bank of Abyssinia,Google Play
So cool..keep it up,5,2023-03-30,Bank of Abyssinia,Google Play
very nice and very much practicing.BOA application is very welcome for my banking operations.Nice!,5,2023-03-28,Bank of Abyssinia,Google Play
Really luck to join this apk,4,2023-02-28,Bank of Abyssinia,Google Play
Very useful,5,2023-02-28,Bank of Abyssinia,Google Play
je n'arrive pas à faire de transaction de mon compte épargne à mon compte courant . si non à part ça rien à signaler,4,2023-02-18,Bank of Abyssinia,Google Play
It make the banking easier.,5,2023-02-15,Bank of Abyssinia,Google Play
Satisfait,5,2023-02-02,Bank of Abyssinia,Google Play
Vraiment suis déçu par cette application toujours la même chose quand j'essaie d'accéder a l'application on me dit que l'utilisateur est introuvable et quand je décide de vous contacter par mail en vain pas de feedback vraiment désolant 😔😔😔😔,1,2023-01-19,Bank of Abyssinia,Google Play
vraiment Cool,4,2023-01-12,Bank of Abyssinia,Google Play
Très bonne application. Prière par contre revoir la demande de chéquier via l'application. Depuis plus de 6 mois maintenant ma requête est toujours en cours de traitement alors que mon gestionnaire me dit n'avoir reçu aucune notification.,4,2023-01-11,Bank of Abyssinia,Google Play
un grand bugg sur l'application aujourdhui avec plusieurs debits automatiques suite à la requete d'une seule transaction transfer cash. Ceci necessite des tests approfondis.,1,2023-01-11,Bank of Abyssinia,Google Play
Bonne application mais des fois tarde à mettre à jour les transactions. il devrait y avoir une option pour relevé dans l'application,4,2023-01-10,Bank of Abyssinia,Google Play
very useful service!,5,2023-01-06,Bank of Abyssinia,Google Play
très fiable,4,2023-01-05,Bank of Abyssinia,Google Play
les transactions au bout des doigts. Facile à utiliser et marche sans aucun problème jusqu'à présent,5,2023-01-03,Bank of Abyssinia,Google Play
good apk,4,2023-01-02,Bank of Abyssinia,Google Play
L'ancienne version est mieux que celle-là. Je n'arrive même pas à mes connectés. Shame! Est honteux une banque comme Boa. Le service devient de plus en plus médiocre. Améliorez vos services sinon vos risquez de perdre des clients de haut niveau. Merci,1,2023-01-01,Bank of Abyssinia,Google Play
plus performant que celle d'avant,4,2022-12-28,Bank of Abyssinia,Google Play
"Useless. You don't even deserve 1 star. Shame on you. Since the first day, it has never worked. I am tired of your false promises. Switching to another bank.",1,2022-12-15,Bank of Abyssinia,Google Play
"Shameful app! Can't even login because the input bounces all over the place. I'm an app developer my self, from one developer to another: this is not acceptable!",1,2022-12-01,Bank of Abyssinia,Google Play
Simple que l'empreinte ne marche plus avec cette nouvelle version. Et je me suis déconecté par hasard et mon identifiant n'est plus revenu,3,2022-11-19,Bank of Abyssinia,Google Play
Misy olona miantso ahy amin'ny finday hoe mila ovana an'ity ilay myboa efa ampiasaiko ato. Mitovy ihany ve ireo sa samy hafa. Misaotra izay afaka mamaly,4,2022-11-09,Bank of Abyssinia,Google Play
Bug de l'application. Temps de réception du code d'activation très long (reçu le code après 20 minutes). Impossible de rentrer mon numéro de téléphone (j'ai dû le faire depuis le site).,2,2022-11-08,Bank of Abyssinia,Google Play
I lost my old phone number so now i have issue to get in my account . It isn't another option to use . But i used my phone and my email to create the account,2,2022-11-05,Bank of Abyssinia,Google Play
Have an issue with my rooted phone. Is there a bypass solution for rooted phone users. The Magisk app doesn't help anymore like this was with the former app. Thanks,1,2022-10-18,Bank of Abyssinia,Google Play
Crash crash and crash very bad app,1,2022-09-27,Bank of Abyssinia,Google Play
Geniale,4,2022-09-27,Bank of Abyssinia,Google Play
Lot of bugs.,1,2022-09-15,Bank of Abyssinia,Google Play
Am trying it,1,2022-09-03,Bank of Abyssinia,Google Play
"User-friendly interface, everything is much easier to find. And it's faster than the previous, really appreciate, great job.",5,2022-09-02,Bank of Abyssinia,Google Play
Alaye,1,2022-08-31,Bank of Abyssinia,Google Play
It is nice,5,2022-08-31,Bank of Abyssinia,Google Play
c est super bon,5,2022-08-31,Bank of Abyssinia,Google Play
Tena tsara mahafianaritra. Mankasitraka,5,2022-08-30,Bank of Abyssinia,Google Play
This new version is really easy to be used. I didn't have any problem to retrieve my account. Just set up the information you used on the old version and you should be fine to use the new one.,5,2022-08-30,Bank of Abyssinia,Google Play
"J'ai fait entrer mon Digital ID et la date d'expiration puis j'appuie sur OK. Il me sort un message box ""Client introuvable"". Alors que ce sont mes identifiants avec l'ancienne version.",1,2022-08-20,Bank of Abyssinia,Google Play
user not found,1,2022-08-19,Bank of Abyssinia,Google Play
Trop de bugs! Application très instable,1,2022-06-27,Bank of Abyssinia,Google Play
"L'application ne marche même pas.. toujours ""client introuvable"".. j'ai bien vérifié le DIGITAL ID. c'est en anglais..mon téléphone en anglais aussi ..et l'application me dit ""client introuvable"" 🙄 . Rien ne marche.. j'ai déjà utilisé l'ancienne application.. ça a toujours marché jusqu'à ce que j'ai changé de téléphone. Galère...",1,2022-06-16,Bank of Abyssinia,Google Play
Impossible de se connecter avec le digital id ou l'identifiant 😑,1,2022-05-21,Bank of Abyssinia,Google Play
Very bas experience Developpers of this app are not ready,1,2022-04-08,Bank of Abyssinia,Google Play
"I do not receive the SMS to activate so now I am stuck. Even though my ID, expiry is set and the mobile number is correct and active. Not happy at all.",1,2022-02-03,Bank of Abyssinia,Google Play
Not usable - (Error: Client introuvable). Double checked Digital ID and exp. date with bank,1,2022-01-15,Bank of Abyssinia,Google Play
Very good app. I really appreciate. It's soft and easy to use.,4,2021-11-17,Bank of Abyssinia,Google Play
Works well,5,2021-10-06,Bank of Abyssinia,Google Play
The bank is nice only that they dont have many branches in benin,5,2021-07-22,Bank of Abyssinia,Google Play
"Crash, crash, crash and crash again. Tried on 4 different phones. Crashed even on an octa-core with 3 gigs of RAM. Deserve a zero but unfortunately 1 is the minimum value available.",1,2021-04-26,Bank of Abyssinia,Google Play
